status,name,period,current_page_birthday,existing_reference_birthday,official_month_day,original_issue_types,explicit_birthday_date_hits,birthday_word_hits_without_candidate_date,candidate_date_hits_without_birthday_word
insufficient_explicit_birthday_evidence,兰昊,BEJ48二期生,1996-02-27,1996-11-27,,existing_unreviewed_mismatch,,bilibili_readlist_449360_md/145_BEJ48 TeamJ拼盘公演《因为喜欢你》大事年表（不完全统计）_cv16577630.md:75 12月17日： / 兰昊生日公演。 / 12月23日： | bilibili_readlist_449360_md/023_BEJ48（第一次分队时期）大事年表（不完全统计）_cv20640204.md:1507 12月17日： / TeamJ《因为喜欢你》兰昊生日公演。 / 12月20日： | bilibili_readlist_449360_md/244_BEJ48（第一次分队时期）历年生日公演视频汇总（TeamJ篇）_cv19447717.md:57 [20171125 BEJ48 TeamJ《因为喜欢你》许婉玉生日公演](https://www.bilibili.com/video/BV15x41157T5?share_source=copy_web&vd_source=f046264ddbe13426757c3bbec9cf75fe) / [20171217 BEJ48 TeamJ《因为喜欢你》兰昊生日公演](https://www.bilibili.com/video/BV1XW411b7z6?share_sourc,bilibili_readlist_449366_md/039_SNH48 Group成立至今各成员生日一览（10月份-12月份，持续更新中）_cv14452681.md:147 [reference] 11月26日：沈之琳（SⅡ）、栾嘉仪（现艺名金汐，NⅡ）、刘小末（G） / 11月27日：毛译晗（C→CKG）、兰昊（J→IDOLS FT） / 11月28日：刘倩倩（NⅢ→NⅢ兼SⅡ→**荣誉毕业生**）、易妍倩（E）、**吕思琪**（GNZ预备生→暂休→IDOLS FT→GNZ预备生→NⅢ）、方诗涵（HⅢ）、**张雁婷**（CGT预备生）
insufficient_explicit_birthday_evidence,张宸祎,BEJ48九期生,1999-01-05,1998-01-05,,existing_unreviewed_mismatch,,bilibili_readlist_449360_md/378_SNH48 Group 2025年度获得今日之星（公演单场MVP）成员一览_cv41478208.md:645 11月16日（**王佳琪生日公演**）：王佳琪。 / 11月29日：张宸祎。 / 12月13日（**包楹生日公演**）：包楹。 | bilibili_readlist_449360_md/026_BEJ48（第二次分队时期）大事年表（2025年—2026年，不完全统计）_cv40184582.md:177 TeamB全员参加在王府井喜悦购物中心举行的喜悦共脑大会快闪路演。 / TeamB《B A Fighter》2.0 张宸祎生日公演。 / 4月11日： | bilibili_readlist_449360_md/025_BEJ48（第二次分队时期）大事年表（2023年—2024年，不完全统计）_cv26581253.md:293 TeamE《双面偶像》李歆乐生日公演。 / TeamB成员张宸祎（代役）《双面偶像》公演首演。 / **TeamSⅡ成员段艺璇与BEJ48成员（周湘、孙晓艳、黄宣绮、黄怡慈、陈蓁蓁、张宸祎、张梦慧、马欣宇、郑照暄、庄雅雯、李歆乐、吴睿莎、郭晓盈、王思奕、朱虹蓉）参与录制的直播节目“航天之夜”在央视频app和央视网同步播出。** | bilibili_readlist_449360_md/025_BEJ48（第二次分队时期）大事年表（2023年—2024年，不完全统计）_cv26581253.md:457 3月31日： / TeamB《B A Fighter》张宸祎生日公演。 / ### **4月份** | bilibili_readlist_449360_md/025_BEJ48（第二次分队时期）大事年表（2023年—2024年，不完全统计）_cv26581253.md:941 11月30日： / TeamB成员（黄怡慈、黄宣绮、陈蓁蓁、吴睿莎、王祉依、张宸祎、朱一柠、张梦慧）受邀参加在北京市朝阳区北辰荟B1层举办的快闪活动。 / TeamE《双面偶像》2.0 孙嘉馥生日公演。,bilibili_readlist_449360_md/025_BEJ48（第二次分队时期）大事年表（2023年—2024年，不完全统计）_cv26581253.md:237 [current;reference] 1月1日： / TeamB《B A Fighter》公演&精彩前座曲（张宸祎参与表演）。 / 1月5日： | bilibili_readlist_449366_md/036_SNH48 Group成立至今各成员生日一览（1月份-3月份，持续更新中）_cv14439154.md:31 [current;reference] 1月4日：**李家敏**（GNZ预备生） / 1月5日：张宸祎（BEJ→B）、郑照暄（BEJ→B→B兼任NⅡ） / 1月6日：门秀天（GNZ预备生）
accepted_update_applied,宁轲,BEJ48七期生,1999-05-02,1999-05-02,,existing_unreviewed_mismatch,bilibili_readlist_449360_md/379_SNH48 Group 2026年度获得今日之星（公演单场MVP）成员一览_cv44354518.md:61 [current;reference] 4月25日：李婷。 / 5月2日（**宁轲生日公演**）：宁轲。 / 5月10日（**杨心渝生日公演**）：杨心渝。 | bilibili_readlist_449360_md/096_SNH48 TeamSⅡ《Into The Light》公演大事年表（不完全统计，持续更新中）_cv41753026.md:385 [current;reference] 5月2日： / 宁轲生日公演。 / 本场今日之星：宁轲。 | bilibili_readlist_449360_md/008_SNH48 TeamSⅡ大事年表（2025年—2026年，不完全统计）_cv40176941.md:1021 [current;reference] 5月2日： / TeamSⅡ《Into The Light》宁轲生日公演。 / 5月3日： | bilibili_readlist_449366_md/047_SNH48 TeamSⅡ在团成员简单科普（持续更新中）_cv11795457.md:219 [reference_full;current;reference] 宁轲 / 宁轲（1999年5月2日生人，**出道时用的是艺名，本名叫龚韵佳**） / 出生地：四川达州，BEJ七期生；,bilibili_readlist_449360_md/378_SNH48 Group 2025年度获得今日之星（公演单场MVP）成员一览_cv41478208.md:59 6月15日（**田姝丽生日公演 & 作品展演**）：田姝丽。 / 6月27日（**陈雨孜、芦馨怡、宁轲作品展演**）：陈雨孜。 / 7月12日（**由淼生日公演 & 作品展演**）：由淼。 | bilibili_readlist_449360_md/095_SNH48 TeamSⅡ《幻镜》（含B版和C版）公演大事年表（不完全统计）_cv15017291.md:617 **3月30日：** / 宁轲生日公演。 / **4月4日：** | bilibili_readlist_449360_md/096_SNH48 TeamSⅡ《Into The Light》公演大事年表（不完全统计，持续更新中）_cv41753026.md:387 宁轲生日公演。 / 本场今日之星：宁轲。 / 5月10日： | bilibili_readlist_449360_md/104_SNH48 TeamNⅡ《应许之地》（含B版）公演大事年表（不完全统计）_cv24534734.md:239 《被你点亮的角落》柏欣妤生日公演。 / TeamSⅡ成员宁轲（代役）《应许之地》公演首演。 / **7月7日：** | bilibili_readlist_449360_md/007_SNH48 TeamSⅡ大事年表（2022年—2024年，不完全统计）_cv21355625.md:697 9月9日： / SNH48 专场生日会第3场（TeamSⅡ参与成员：沈小爱、闫明筠、宁轲）。 / 9月10日：,bilibili_readlist_449360_md/007_SNH48 TeamSⅡ大事年表（2022年—2024年，不完全统计）_cv21355625.md:173 [current;reference] 5月2日： / SNH48《中心打歌舞台》第4场（**本场朱涵佳、芦馨怡、沈小爱、赵天杨、段艺璇参赛，宁轲、邵雪聪是助威团评委**）。 / 5月4日： | bilibili_readlist_449366_md/047_SNH48 TeamSⅡ在团成员简单科普（持续更新中）_cv11795457.md:217 [reference_full;current;reference] ![](https://i0.hdslb.com/bfs/new_dyn/a31da6a38fcf5aade1c196ba106ed38d392751160.jpg) / 宁轲 / 宁轲（1999年5月2日生人，**出道时用的是艺名，本名叫龚韵佳**） | bilibili_readlist_449366_md/037_SNH48 Group成立至今各成员生日一览（4月份-6月份，持续更新中）_cv14439155.md:95 [current;reference] 5月1日：李尚颐（大李娜，E）、**夏莹**（GNZ预备生→CⅡ） / 5月2日：**宁轲**（B→SⅡ）**③**、**王嘉瑜**（HⅢ→E→CKG→IDOLS FT→C） / 5月3日：
insufficient_explicit_birthday_evidence,朱一柠,BEJ48十二期生,2000-11-20,2002-11-20,,existing_unreviewed_mismatch,,bilibili_readlist_449360_md/378_SNH48 Group 2025年度获得今日之星（公演单场MVP）成员一览_cv41478208.md:609 6月29日（**上海巡演**）：黄怡慈（兼任SⅡ）。 / 7月5日（**朱一柠生日公演**）：朱一柠。 / 7月6日（**吴睿莎、王祉依、包楹、金宛莹作品展演**）：吴睿莎。 | bilibili_readlist_449360_md/379_SNH48 Group 2026年度获得今日之星（公演单场MVP）成员一览_cv44354518.md:539 1月17日（**“玩转Unit”环节**）：黄宣绮（兼任G）。 / 1月25日（**“玩转Unit”环节**）：朱一柠。 / 2月1日（**金宛莹生日公演**）：金宛莹。 | bilibili_readlist_449360_md/026_BEJ48（第二次分队时期）大事年表（2025年—2026年，不完全统计）_cv40184582.md:373 7月5日： / TeamB《B·RISE 梦之门》朱一柠生日公演。 / TeamE《怦然心动》公演暨年度青春盛典第一阶段入围作品奖励展演【周湘、马欣宇、郑照暄（B）、朱虹蓉】。 | bilibili_readlist_449360_md/025_BEJ48（第二次分队时期）大事年表（2023年—2024年，不完全统计）_cv26581253.md:929 11月23日： / TeamB《B A Fighter》2.0 朱一柠生日公演。 / 11月24日： | bilibili_readlist_449360_md/025_BEJ48（第二次分队时期）大事年表（2023年—2024年，不完全统计）_cv26581253.md:941 11月30日： / TeamB成员（黄怡慈、黄宣绮、陈蓁蓁、吴睿莎、王祉依、张宸祎、朱一柠、张梦慧）受邀参加在北京市朝阳区北辰荟B1层举办的快闪活动。 / TeamE《双面偶像》2.0 孙嘉馥生日公演。,bilibili_readlist_449366_md/052_BEJ48 TeamB、TeamE以及预备生在团成员简单科普（持续更新中）_cv11812124.md:293 [current_full;current;reference] ![](http://i0.hdslb.com/bfs/new_dyn/a9b74b692c7df1ce1ab7de2fd0502d74392751160.jpg) / 朱一柠 / 朱一柠（2000年11月20日生人） | bilibili_readlist_449366_md/052_BEJ48 TeamB、TeamE以及预备生在团成员简单科普（持续更新中）_cv11812124.md:295 [current_full;current;reference] 朱一柠 / 朱一柠（2000年11月20日生人） / 昵称：檬檬、柠柠； | bilibili_readlist_449366_md/039_SNH48 Group成立至今各成员生日一览（10月份-12月份，持续更新中）_cv14452681.md:133 [current;reference] 11月19日：赵佳蕊（SⅢ→NⅡ）、曲晨语（X）、**张慈柔**（CGT预备生） / 11月20日：寇承希（HⅢ→IDOLS FT）、**朱一柠**（BEJ→B）、李嘉怡（SNH预备生） / 11月21日：林芝（GNZ预备生→G→Z→GNZ预备生→Z）
accepted_update_applied,杨宇馨,BEJ48四期生,2000-11-07,2000-11-07,,existing_unreviewed_mismatch,bilibili_readlist_449360_md/012_SNH48 TeamNⅡ大事年表（2025年—2026年，不完全统计）_cv40236084.md:603 [current;reference] 11月8日： / **TeamNⅡ兼任TeamX成员杨宇馨应援会饭头当晚就当天中午TeamX成员林佳怡的单推王相关言论作出回应（****见下图第4张****）。事件起因是11月7日是杨宇馨的生日而且她上当晚的《Fire X》公演，应援会早在10月官宣要拿下这场公演的今日之星作为送给杨宇馨的生日礼物（****见下图第1张****），但最终被林佳怡截胡导致场面一度尴尬。后来林佳怡及其单推王对此进行回应（****见下图第2张****），公演第二天中午林佳怡的单推王在微博再次回应（* | bilibili_readlist_449366_md/050_SNH48 TeamX在团成员简单科普（持续更新中）_cv11779598.md:487 [reference_full;current;reference] 杨宇馨 / 杨宇馨（2000年11月7日生人，身份证写的是1997年生人） / 出生地：河南焦作，BEJ四期生； | bilibili_readlist_449366_md/048_SNH48 TeamNⅡ在团成员简单科普（持续更新中）_cv11785068.md:363 [reference_full;current;reference] 杨宇馨 / 杨宇馨（2000年11月7日生人，身份证写的是1997年生人） / 出生地：河南焦作，BEJ四期生；,bilibili_readlist_449360_md/378_SNH48 Group 2025年度获得今日之星（公演单场MVP）成员一览_cv41478208.md:163 6月2日（**叶凡生日公演 & 作品展演**）：叶凡。 / 6月13日（**杨宇馨生日公演 & 作品展演**）：杨宇馨。 / 6月14日（**青钰雯生日公演**）：青钰雯。 | bilibili_readlist_449360_md/378_SNH48 Group 2025年度获得今日之星（公演单场MVP）成员一览_cv41478208.md:411 9月14日：王睿琦。 / 9月20日【**武博涵、杨宇馨（NⅡ兼任X）、禹佳蔚联合生日公演**】：禹佳蔚。 / 9月21日：杨冰怡。 | bilibili_readlist_449360_md/358_SNH48七期生至十六期生公演达成场次一览（不完全统计）_cv39986862.md:265 150场（TeamNⅡ时期）：20200725 SNH48 TeamNⅡ《轨迹》张怡生日+MVP定制公演&总选拉票； / 151场（TeamNⅡ时期）：20200802 SNH48 TeamNⅡ《时之卷》公演暨杨宇馨（IDOLS FT）、张茜、陆婷总选拉票。 / **（注：200场之后的达成场次资料暂缺）** | bilibili_readlist_449360_md/358_SNH48七期生至十六期生公演达成场次一览（不完全统计）_cv39986862.md:283 200场（TeamNⅡ时期）：20220909 SNH48 TeamNⅡ《羽化成蝶》公演； / 250场（TeamNⅡ时期）：20230527 SNH48 TeamNⅡ《羽化成蝶》公演暨张茜、张笑盈、刘洁、杨宇馨作品展演； / 300场（TeamNⅡ时期）：20240502 SNH48 TeamNⅡ《应许之地》卢天惠生日公演。 | bilibili_readlist_449360_md/379_SNH48 Group 2026年度获得今日之星（公演单场MVP）成员一览_cv44354518.md:193 7月12日（**叶凡生日公演**** & 作品展演**）：叶凡。 / 7月18日（**杨宇馨生日公演 & 作品展演**）：（待公布）。 / 7月19日（**钟亚男生日公演 & 作品展演**）：钟亚男。,bilibili_readlist_449366_md/050_SNH48 TeamX在团成员简单科普（持续更新中）_cv11779598.md:485 [reference_full;current;reference] ![](https://i0.hdslb.com/bfs/new_dyn/d76aa10d95dce2f3321b8e8de24b2ac4392751160.jpg) / 杨宇馨 / 杨宇馨（2000年11月7日生人，身份证写的是1997年生人） | bilibili_readlist_449366_md/039_SNH48 Group成立至今各成员生日一览（10月份-12月份，持续更新中）_cv14452681.md:107 [current;reference] 11月6日：任雨情（HⅢ） / 11月7日：**杨宇馨**（BEJ预备生→IDOLS FT→NⅡ→NⅡ兼任X）、李瑜璇（K→B）、刘娇（SⅢ）、刘娜（SⅢ） / 11月8日：李慧（SⅢ→IDOLS FT→CKG→SⅡ兼CKG→SⅡ）、曲美霖（BEJ预备生→B→BEJ）、郑依灵（B）、罗婕桢（CKG预备生→C）、**何诗雨**（CKG预备生） | bilibili_readlist_449366_md/048_SNH48 TeamNⅡ在团成员简单科普（持续更新中）_cv11785068.md:361 [reference_full;current;reference] ![](https://i0.hdslb.com/bfs/new_dyn/12fcf0cd5816128fda4cdc059c4c585a392751160.jpg) / 杨宇馨 / 杨宇馨（2000年11月7日生人，身份证写的是1997年生人）
insufficient_explicit_birthday_evidence,张韩紫陌,BEJ48一期生,2000-01-31,2000-01-13,,existing_unreviewed_mismatch,,bilibili_readlist_449360_md/145_BEJ48 TeamJ拼盘公演《因为喜欢你》大事年表（不完全统计）_cv16577630.md:107 3月31日： / 张韩紫陌生日公演。 / 任心怡100场公演达成。 | bilibili_readlist_449360_md/023_BEJ48（第一次分队时期）大事年表（不完全统计）_cv20640204.md:733 2月18日： / TeamJ《专属派对》张韩紫陌生日公演。 / TeamB成员（陈美君、段艺璇）、TeamE成员（李梓、苏杉杉）参与录制的《魅力音乐星聚会》节目在魅力音乐频道播出（共2期，第二期已于2月19日播出）。。 | bilibili_readlist_449360_md/023_BEJ48（第一次分队时期）大事年表（不完全统计）_cv20640204.md:1731 3月31日： / TeamJ《因为喜欢你》张韩紫陌生日公演。 / ### **4月份** | bilibili_readlist_449360_md/244_BEJ48（第一次分队时期）历年生日公演视频汇总（TeamJ篇）_cv19447717.md:27 ## **2017年：** / [20170218 BEJ48 TeamJ《专属派对》张韩紫陌生日公演](https://www.bilibili.com/video/BV1Ex411y753?share_source=copy_web&vd_source=f046264ddbe13426757c3bbec9cf75fe) / [20170416 BEJ48 TeamJ《专属派对》杨晔生日公演](https://www.bilibili.com/video/BV1Vx411D | bilibili_readlist_449360_md/244_BEJ48（第一次分队时期）历年生日公演视频汇总（TeamJ篇）_cv19447717.md:67 [20180107 BEJ48 TeamJ《因为喜欢你》刘一菲生日公演](https://www.bilibili.com/video/BV1AW411z7gy?share_source=copy_web&vd_source=f046264ddbe13426757c3bbec9cf75fe) / [20180331 BEJ48 TeamJ《因为喜欢你》张韩紫陌生日公演（任心怡100场公演达成）](https://www.bilibili.com/video/BV1DW411u,bilibili_readlist_449366_md/036_SNH48 Group成立至今各成员生日一览（1月份-3月份，持续更新中）_cv14439154.md:83 [current] 1月30日：曾艳芬（NⅡ）、杨肖（HⅢ）、张沁芝（CGT预备生）、**黄孟浠**（CKG预备生→C） / 1月31日：单习文（J）、张韩紫陌（J）、张瑜纹（SNH未分队）、**王紫萱**（GNZ预备生）、国嘉睿（BEJ预备生，因不明原因未能正式出道） / ～～～～～～～～～～～～～
insufficient_explicit_birthday_evidence,张咏琪,CGT48二期生,2006-03-30,2006-03-03,,existing_unreviewed_mismatch,,,bilibili_readlist_449366_md/036_SNH48 Group成立至今各成员生日一览（1月份-3月份，持续更新中）_cv14439154.md:219 [current] 3月29日：李星彦（X）、刘宇晴（SHY预备生→IDOLS FT）、**朱语凝**（BEJ预备生→B） / 3月30日：徐子轩（SⅡ）、李泓瑶（J→IDOLS FT）、张咏琪（GNZ预备生→CGT预备生） / 3月31日：**王佳琪**（BEJ预备生→B）
insufficient_explicit_birthday_evidence,耿钰嘉,CGT48四期生,2007-02-21,2008-02-21,,existing_unreviewed_mismatch,,,bilibili_readlist_449366_md/036_SNH48 Group成立至今各成员生日一览（1月份-3月份，持续更新中）_cv14439154.md:129 [current;reference] 2月20日：徐伊人（HⅡ→SⅡ）、楼澍（BEJ预备生→J）、戴紫薇（CKG预备生→K→CKG）、夏奕欣（SNH预备生）、**沈馨**（SNH预备生→NⅡ） / 2月21日：任蔓琳（BEJ预备生→E→BEJ）、王芊诺（原名王翠菲，Z→Z兼任CKG→NⅢ）、臧聪（SⅢ→E）、魏小燕（CKG预备生→K→CKG）、彭含灵（CKG）、**耿钰嘉**（CGT预备生） / 2月22日：樊曦月（K） | bilibili_readlist_449366_md/059_CGT48 TeamGⅡ以及预备生在团成员简单科普（持续更新中）_cv24110915.md:319 [current_full;current;reference] ![](http://i0.hdslb.com/bfs/new_dyn/0be01cc54c6955c2695831a79272b14a392751160.jpg) / 耿钰嘉（2007年2月21日生人） / 昵称：耿耿、小耿、嘉嘉；
insufficient_explicit_birthday_evidence,胡琪涵,CGT48四期生,2008-08-17,2009-08-17,,existing_unreviewed_mismatch,,,bilibili_readlist_449366_md/038_SNH48 Group成立至今各成员生日一览（7月份-9月份，持续更新中）_cv14439157.md:133 [current;reference] 8月16日：林嘉佩（XⅡ→G）、陈佳莹（G→GNZ预备生）、陈枳霏（E）、肖彦竹（SNH预备生→NⅡ）、程怡雯（CGT预备生） / 8月17日：**宋筱璐**（GNZ预备生→CⅡ）、胡琪涵（CGT预备生） / 8月18日：杜亚轩（J）、徐佳音（GNZ预备生→G→海外练习生→NⅢ）、赵翊民（Z→IDOLS FT）、章宇阳（K）、**朱瑞缘**（CKG→C→C兼任X）、**刘小涵**（SNH预备生→X）、李虞龙若（SNH预备生→HⅡ）**②**
insufficient_explicit_birthday_evidence,李怡淳,CGT48四期生,2004-05-06,2005-05-06,,existing_unreviewed_mismatch,,,bilibili_readlist_449366_md/037_SNH48 Group成立至今各成员生日一览（4月份-6月份，持续更新中）_cv14439155.md:103 [current;reference] 5月5日：龚诗淇（NⅡ）、黄恩茹（J→SⅡ）、孙珍妮（HⅡ） / 5月6日：王思奕（BEJ→E）、王禹诺**【**SNH预备生→HⅡ（预备升格）】**④**、李怡淳（CGT预备生） / 5月7日：钱蓓婷（SNH不分队→SⅡ→**荣誉毕业生**）、张睿婕（NⅡ）、谢金男（CKG）、赵思雨（CKG预备生）
insufficient_explicit_birthday_evidence,魏小燕,CKG48二期生,1999-02-21,1997-02-21,,existing_unreviewed_mismatch,,,bilibili_readlist_449366_md/036_SNH48 Group成立至今各成员生日一览（1月份-3月份，持续更新中）_cv14439154.md:129 [current;reference] 2月20日：徐伊人（HⅡ→SⅡ）、楼澍（BEJ预备生→J）、戴紫薇（CKG预备生→K→CKG）、夏奕欣（SNH预备生）、**沈馨**（SNH预备生→NⅡ） / 2月21日：任蔓琳（BEJ预备生→E→BEJ）、王芊诺（原名王翠菲，Z→Z兼任CKG→NⅢ）、臧聪（SⅢ→E）、魏小燕（CKG预备生→K→CKG）、彭含灵（CKG）、**耿钰嘉**（CGT预备生） / 2月22日：樊曦月（K）
insufficient_explicit_birthday_evidence,王振楠,CKG48九期生,2004-10-30,2004-10-03,,existing_unreviewed_mismatch,,,bilibili_readlist_449366_md/057_CKG48 TeamC、TeamK以及预备生在团成员简单科普（持续更新中）_cv11818582.md:883 [current_full;current] ![](https://i0.hdslb.com/bfs/new_dyn/9dd2ca1d33f511a8db8d5755f6ff0002392751160.jpg) / 王振楠 / 王振楠（2004年10月30日生人） | bilibili_readlist_449366_md/057_CKG48 TeamC、TeamK以及预备生在团成员简单科普（持续更新中）_cv11818582.md:885 [current_full;current] 王振楠 / 王振楠（2004年10月30日生人） / 昵称：噜噜； | bilibili_readlist_449366_md/039_SNH48 Group成立至今各成员生日一览（10月份-12月份，持续更新中）_cv14452681.md:81 [current] 10月29日：於佳怡（XⅡ→HⅡ→IDOLS FT）、周洁艺（B）、**芦馨怡**（SNH预备生→SⅡ）、章泽婷（GNZ预备生）、**谭景文**（CKG预备生→C）、**李子忻**（SNH预备生→X） / 10月30日：林堃（E）、刘力菲（NⅢ→**荣誉毕业生**）、吴思琪（GNZ预备生→NⅢ→IDOLS FT）、**叶溁语**（GNZ预备生→Z）、**王振楠**（CKG预备生） / 10月31日：何晓玉（NⅡ）、张瀚引（SNH预备生）
insufficient_explicit_birthday_evidence,周雨涵,CKG48九期生,2007-08-20,2007-08-02,,existing_unreviewed_mismatch,,,bilibili_readlist_449366_md/038_SNH48 Group成立至今各成员生日一览（7月份-9月份，持续更新中）_cv14439157.md:139 [current] 8月19日：段艺璇（XⅡ→B→SⅡ→**荣誉毕业生**）、**左婧媛**（NⅢ→GNZ预备生→NⅢ→GNZ预备生→NⅢ→SNH预备生→X→暂休→IDOLS FT）、**何蔡娴**（GⅡ） / 8月20日：董芷依（SNH）、冯嘉宝（SHY预备生→IDOLS FT）、朱燕（SⅢ→IDOLS FT）、**周是汝**（GNZ预备生→CⅡ）、**柳雨呈**（SNH预备生→SⅡ）、**周雨涵**（CKG预备生） / 8月21日：张笑盈（E→NⅡ→**荣誉毕业生**）、符冰冰（GNZ预备生 | bilibili_readlist_449366_md/066_SNH48 Group初亮相是预备生的成员一览（SHY48 & CKG48 & CGT48篇）_cv16930196.md:151 [current] 娜则乃（2025年8月20日被到付） / **余茜果****①****，何诗雨，廖雨涵，王振楠，周雨涵** / ### **CKG十期：** | bilibili_readlist_449366_md/057_CKG48 TeamC、TeamK以及预备生在团成员简单科普（持续更新中）_cv11818582.md:905 [current_full;current] ![](https://i0.hdslb.com/bfs/new_dyn/97742e4c148f8bde90bdfb1eaad87ce0392751160.jpg) / 周雨涵 / 周雨涵（2007年8月20日生人） | bilibili_readlist_449366_md/057_CKG48 TeamC、TeamK以及预备生在团成员简单科普（持续更新中）_cv11818582.md:907 [current_full;current] 周雨涵 / 周雨涵（2007年8月20日生人） / 昵称：饼饼、小涵；
insufficient_explicit_birthday_evidence,陈韵佳,CKG48六期生,1999-12-12,2000-12-22,,existing_unreviewed_mismatch,,bilibili_readlist_449360_md/253_CKG48（第二次分队时期）历年生日公演视频汇总（持续更新中）_cv26638770.md:95 [20231118 CKG48 TeamK《以爱之名》处女座（张思妍、张伟依）生日公演](https://www.bilibili.com/video/BV19H4y1q71z) / [20231216 CKG48 TeamK《以爱之名》射手座（胡丹、陈韵佳）生日公演](https://www.bilibili.com/video/BV14G411a7Y6) / [20231230 CKG48 TeamK《以爱之名》何馨曼生日公演](https://www.bilibili. | bilibili_readlist_449360_md/253_CKG48（第二次分队时期）历年生日公演视频汇总（持续更新中）_cv26638770.md:107 [20240503 CKG48 TeamK《以爱之名》狮子座&巨蟹座&双子座（张莉莉、张咏烨、张钰叶）生日公演](https://www.bilibili.com/video/BV1yt421F7Bk) / [20241130 CKG48 TeamK《奇幻加冕礼》射手座（陈韵佳、胡丹）生日公演](https://www.bilibili.com/video/BV1YFzfYxEML) / [20241228 CKG48 TeamK《奇幻加冕礼》摩羯座&水瓶座（胡思颖、吴志越） | bilibili_readlist_449360_md/253_CKG48（第二次分队时期）历年生日公演视频汇总（持续更新中）_cv26638770.md:123 [20250628 CKG48 TeamK《奇幻加冕礼》处女座（袁希璨、张伟依）生日公演](https://www.bilibili.com/video/BV1J8g9zZEpu) / [20251002 CKG48 TeamK《奇幻加冕礼》射手座（陈韵佳、胡丹）生日公演](https://www.bilibili.com/video/BV1jZHPz1EUh) / ### **2026年：** | bilibili_readlist_449360_md/378_SNH48 Group 2025年度获得今日之星（公演单场MVP）成员一览_cv41478208.md:1331 9月20日：吴志越。 / 10月2日（**胡丹、陈韵佳生日公演**）：胡丹。 / 10月5日：陈韵佳。 | bilibili_readlist_449360_md/378_SNH48 Group 2025年度获得今日之星（公演单场MVP）成员一览_cv41478208.md:1333 10月2日（**胡丹、陈韵佳生日公演**）：胡丹。 / 10月5日：陈韵佳。 / 10月7日（**中秋节主题公演**）：张咏烨。,bilibili_readlist_449366_md/039_SNH48 Group成立至今各成员生日一览（10月份-12月份，持续更新中）_cv14452681.md:181 [current] 12月11日：张云梦（HⅢ）、叶万仪（SNH未分队且未正式公开） / 12月12日：王柏硕（HⅡ→SNH预备生）、刘菊子（NⅡ）、南翎璞（SⅢ）、陈韵佳（CKG→K） / 12月13日：陈韫凌（XⅡ→X→IDOLS FT）、**韩云伊**（SNH预备生）
insufficient_explicit_birthday_evidence,刘星雨,CKG48六期生,2003-09-06,2002-09-06,,existing_unreviewed_mismatch,,bilibili_readlist_449360_md/253_CKG48（第二次分队时期）历年生日公演视频汇总（持续更新中）_cv26638770.md:91 ### **2023年：** / [20231003 CKG48 TeamK《以爱之名》处女座（刘星雨、彭夕株）生日公演](https://www.bilibili.com/video/BV1t94y1h7eh) / [20231118 CKG48 TeamK《以爱之名》处女座（张思妍、张伟依）生日公演](https://www.bilibili.com/video/BV19H4y1q71z) | bilibili_readlist_449360_md/253_CKG48（第二次分队时期）历年生日公演视频汇总（持续更新中）_cv26638770.md:119 [20250503 CKG48 TeamK《奇幻加冕礼》天秤座&狮子座（何馨曼、张莉莉）生日公演](https://www.bilibili.com/video/BV1UQGRzJE7q) / [20250614 CKG48 TeamK《奇幻加冕礼》处女座（刘星雨、张思妍）生日公演](https://www.bilibili.com/video/BV15oM4zBEFZ) / [20250628 CKG48 TeamK《奇幻加冕礼》处女座（袁希璨、张伟依）生日公演](http | bilibili_readlist_449360_md/253_CKG48（第二次分队时期）历年生日公演视频汇总（持续更新中）_cv26638770.md:135 [20260418 CKG48 TeamK《我的太阳》金牛座&处女座（卢美廷、张伟依）生日公演](https://www.bilibili.com/video/BV1mWdZB7EkJ?spm_id_from=333.40164.top_right_bar_window_dynamic.content.click) / [20260501 CKG48 TeamK《我的太阳》处女座（刘星雨、张思妍）生日公演](https://www.bilibili.com/video/BV1 | bilibili_readlist_449360_md/378_SNH48 Group 2025年度获得今日之星（公演单场MVP）成员一览_cv41478208.md:1305 6月1日（**何馨曼季度MVP环节**）：何馨曼。 / 6月14日（**刘星雨、张思妍生日公演**）：刘星雨。 / 6月15日（**姬梦真、张伟依青春时刻**）：姬梦真。 | bilibili_readlist_449360_md/378_SNH48 Group 2025年度获得今日之星（公演单场MVP）成员一览_cv41478208.md:1311 6月28日（**袁希璨、张伟依生日公演**）：袁希璨。 / 7月5日（**刘星雨、卓思佳、张思妍青春时刻**）：刘星雨。 / 7月12日（**吴志越、张莉莉、张咏烨青春时刻**）：张咏烨。,bilibili_readlist_449360_md/378_SNH48 Group 2025年度获得今日之星（公演单场MVP）成员一览_cv41478208.md:1325 [current;reference] 8月30日（**何馨曼季度MVP环节**）：何馨曼。 / 9月6日：刘星雨。 / 9月13日：张莉莉。 | bilibili_readlist_449360_md/206_CKG48 新TeamK复刻公演《奇幻加冕礼》大事年表（不完全统计）_cv39764133.md:175 [current;reference] 9月6日： / 本场今日之星：刘星雨。 / 9月13日： | bilibili_readlist_449366_md/038_SNH48 Group成立至今各成员生日一览（7月份-9月份，持续更新中）_cv14439157.md:185 [current;reference] 9月5日： / 9月6日：赖梓惜（SⅢ→Z）、李彬玉（SⅢ）、武晓迪（SHY预备生）、**刘星雨**（CKG→K） / 9月7日：唐安琪（NⅡ）、贝楚涵（SNH预备生→SⅡ）、彭夕株（CKG→K→CKG预备生→暂休→IDOLS FT）、**林家谊**（GNZ预备生→G） | bilibili_readlist_449366_md/057_CKG48 TeamC、TeamK以及预备生在团成员简单科普（持续更新中）_cv11818582.md:593 [current_full;current;reference] ![](https://i0.hdslb.com/bfs/new_dyn/cf451177b98707a7e70e52547a474597392751160.jpg) / 刘星雨 / 刘星雨（2003年9月6日生人） | bilibili_readlist_449366_md/057_CKG48 TeamC、TeamK以及预备生在团成员简单科普（持续更新中）_cv11818582.md:595 [current_full;current;reference] 刘星雨 / 刘星雨（2003年9月6日生人） / 昵称：狒狒；
insufficient_explicit_birthday_evidence,余芸萱,CKG48四期生,2000-09-04,2002-02-08,,existing_unreviewed_mismatch,,,bilibili_readlist_449366_md/038_SNH48 Group成立至今各成员生日一览（7月份-9月份，持续更新中）_cv14439157.md:181 [current] 9月3日：汤敏（SNH不分队）、**王思予**（CKG预备生→C→C兼任NⅢ） / 9月4日：赵笛儿（E）、余芸萱（CKG→IDOLS FT） / 9月5日：
insufficient_explicit_birthday_evidence,江雨航,GNZ48九期生,1998-06-06,2000-06-06,,existing_unreviewed_mismatch,,bilibili_readlist_449360_md/174_GNZ48拼盘公演《他们所不知道的》系列大事年表（不完全统计）_cv16617127.md:173 10月1日： / 双子座&狮子座（陈楠茜、江雨航、吴羽霏）生日公演。 / 10月3日： | bilibili_readlist_449360_md/028_GNZ48大事年表（2019年—2021年，不完全统计）_cv20788381.md:1897 12月5日： / TeamNⅢ《Fiona.N》水瓶座&双子座（郑丹妮、陈楠茜、江雨航、杨若惜）生日主题公演。 / 12月10日： | bilibili_readlist_449360_md/364_GNZ48九期生至十五期生公演达成场次一览（不完全统计）_cv40019710.md:27 **江雨航（现艺名赵晓莼）、姜欣瑶、吕思琪、王琰、郑奕雯。** / **江雨航（现艺名赵晓莼，在团期间隶属GNZ48预备生、TeamNⅢ、IDOLS FT）：** / 20场（GNZ48预备生时期）：20210417 20210417 GNZ48 Class4《Waiting 4（肆）》李姗姗&曾佳生日公演； | bilibili_readlist_449360_md/248_GNZ48历年生日公演视频汇总（TeamNⅢ篇，持续更新中）_cv19516315.md:167 [20210109 GNZ48 Class4《Waiting 4（肆）》吴羽霏、吴思琪生日公演](https://www.bilibili.com/video/BV16y4y127Co/?share_source=copy_web&vd_source=f046264ddbe13426757c3bbec9cf75fe) / [20210417 GNZ48 Class4《Waiting 4（肆）》李姗姗（G）、曾佳生日公演（预备生江雨航20场公演达成，预备生吕思琪20场公演达成） | bilibili_readlist_449360_md/248_GNZ48历年生日公演视频汇总（TeamNⅢ篇，持续更新中）_cv19516315.md:189 [20211114 GNZ48 Class8《无限♾（捌）》天秤座&天蝎座（洪静雯、冼燊楠）生日公演](https://www.bilibili.com/video/BV1Eg411T7Rh/?share_source=copy_web&vd_source=f046264ddbe13426757c3bbec9cf75fe) / [20211205 GNZ48 TeamNⅢ《Fiona.N》水瓶&双子座（郑丹妮、陈楠茜、江雨航、杨若惜）生日公演（杨若惜100场公演达成）](ht,bilibili_readlist_449366_md/037_SNH48 Group成立至今各成员生日一览（4月份-6月份，持续更新中）_cv14439155.md:181 [current;reference] 6月5日：陈欣妤（NⅢ）、王炯义（Z→暂休→Z）、钟洁玟（现艺名钟沅芫，GNZ预备生→CⅡ，后被开除）、**聂渝景**（BEJ→B）、**丁甄奥果**（GNZ预备生） / 6月6日：杨海赆（SNH未分队）、王依君（NⅡ）、王奕（HⅡ→HⅡ兼任FT→HⅡ）、赵梦婷（HⅡ，后被开除）、罗雪丽（E）、江雨航（现艺名赵晓莼，GNZ预备生→NⅢ→GNZ预备生→IDOLS FT）、孟清渝（B）、刘艾萌（CKG预备生） / 6月7日：易嘉爱（NⅡ）、李晶（X）、钱艺（NⅡ）、**禹佳蔚**
insufficient_explicit_birthday_evidence,李家敏,GNZ48十九期生,2006-01-04,2007-01-04,,existing_unreviewed_mismatch,,,bilibili_readlist_449366_md/036_SNH48 Group成立至今各成员生日一览（1月份-3月份，持续更新中）_cv14439154.md:29 [current;reference] 1月3日：成珏（SⅡ→SNH预备生）、冯思佳（E→HⅡ） / 1月4日：**李家敏**（GNZ预备生） / 1月5日：张宸祎（BEJ→B）、郑照暄（BEJ→B→B兼任NⅡ） | bilibili_readlist_449366_md/056_GNZ48 在团预备生简单科普（持续更新中）_cv13020113.md:113 [current_full;current;reference] ![](https://i0.hdslb.com/bfs/new_dyn/b6317a54e48984bda2e27cf50ef23c5f392751160.jpg) / 李家敏 / 李家敏（2006年1月4日生人） | bilibili_readlist_449366_md/056_GNZ48 在团预备生简单科普（持续更新中）_cv13020113.md:115 [current_full;current;reference] 李家敏 / 李家敏（2006年1月4日生人） / 昵称：辣椒面；
insufficient_explicit_birthday_evidence,孔渊,GNZ48十六期生,2004-07-14,2004-04-17,,existing_unreviewed_mismatch,,bilibili_readlist_449360_md/379_SNH48 Group 2026年度获得今日之星（公演单场MVP）成员一览_cv44354518.md:715 3月28日（**朱丽娜生日公演**）：朱丽娜。 / 4月4日：孔渊。 / 4月6日：林恩同。,bilibili_readlist_449366_md/038_SNH48 Group成立至今各成员生日一览（7月份-9月份，持续更新中）_cv14439157.md:49 [current] 7月13日：汪佳翎（X）、赵韩倩（SⅡ）、叶苗苗（J）、刘丽千（SⅡ）、王依柳（SNH预备生→X）、杨子涵（CGT预备生） / 7月14日：陆叶卉（SⅡ）、孔渊（GNZ预备生→G） / 7月15日：
accepted_update_applied,叶溁语,GNZ48十三期生,2002-10-30,2002-10-30,,existing_unreviewed_mismatch,bilibili_readlist_449366_md/055_GNZ48 TeamZ在团成员简单科普（持续更新中）_cv11813287.md:229 [reference_full;current;reference] 叶溁语 / 叶溁语（2002年10月30日生人） / 出生地：广东韶关，GNZ十三期生；,bilibili_readlist_449360_md/250_GNZ48历年生日公演视频汇总（预备生篇）_cv19560818.md:83 [20231002 GNZ48 TeamNⅢ《启程：TeamNⅢ》双子座&巨蟹座【陈楠茜（NⅢ）、陆靖婷（NⅢ）、项宇婧】生日公演](https://www.bilibili.com/video/BV1sj411b7ky/?share_source=copy_web&vd_source=f046264ddbe13426757c3bbec9cf75fe) / [20231104 GNZ48 TeamZ《启程：TeamZ》2.0 天蝎座【徐楚雯（Z）、张幼柠（Z）、叶溁语】生日公 | bilibili_readlist_449360_md/174_GNZ48拼盘公演《他们所不知道的》系列大事年表（不完全统计）_cv16617127.md:305 杨媛媛生日公演。 / IDOLS FT成员谢菲菲、GNZ预备生叶溁语（均是代役）《他们所不知道的TeamZ》公演首演。 / 12月30日： | bilibili_readlist_449360_md/176_GNZ48焕新公演《星宿》系列大事年表（不完全统计）_cv33730796.md:997 11月17日： / 天蝎座&射手座（杨媛媛、叶溁语）生日公演。 / 12月1日： | bilibili_readlist_449360_md/029_GNZ48大事年表（2022年—2024年，不完全统计）_cv20812525.md:1439 **SNH48 Group年度青春盛典TOP16星光组全国巡演成都站演出（其中TeamG成员曾艾佳，TeamNⅢ成员郑丹妮、刘力菲、洪静雯，TeamZ成员陈珂、朱怡欣参加）。** / TeamZ《启程：TeamZ》2.0 天蝎座【徐楚雯、张幼柠、叶溁语（GNZ预备生）】生日公演。 / 11月5日： | bilibili_readlist_449360_md/029_GNZ48大事年表（2022年—2024年，不完全统计）_cv20812525.md:2639 11月17日： / TeamZ《斗宿之诀》天蝎座&射手座（杨媛媛、叶溁语）生日公演。 / GNZ预备生鲍雨欣、雷瑞妍、林仪（均是代役）《天枢之弈》公演首演。,bilibili_readlist_449360_md/378_SNH48 Group 2025年度获得今日之星（公演单场MVP）成员一览_cv41478208.md:1095 [current;reference] 10月26日：程戈 **⑩**。 / 10月30日（**上海巡演**）：叶溁语。 / 11月1日（**杭州巡演**）：（**由于本场公演不直播，因此今日之星资料暂缺**）。 | bilibili_readlist_449366_md/055_GNZ48 TeamZ在团成员简单科普（持续更新中）_cv11813287.md:227 [reference_full;current;reference] ![](https://i0.hdslb.com/bfs/new_dyn/5b7c5702bd31091a6a125ff8551b641f392751160.jpg) / 叶溁语 / 叶溁语（2002年10月30日生人） | bilibili_readlist_449366_md/039_SNH48 Group成立至今各成员生日一览（10月份-12月份，持续更新中）_cv14452681.md:81 [current;reference] 10月29日：於佳怡（XⅡ→HⅡ→IDOLS FT）、周洁艺（B）、**芦馨怡**（SNH预备生→SⅡ）、章泽婷（GNZ预备生）、**谭景文**（CKG预备生→C）、**李子忻**（SNH预备生→X） / 10月30日：林堃（E）、刘力菲（NⅢ→**荣誉毕业生**）、吴思琪（GNZ预备生→NⅢ→IDOLS FT）、**叶溁语**（GNZ预备生→Z）、**王振楠**（CKG预备生） / 10月31日：何晓玉（NⅡ）、张瀚引（SNH预备生）
insufficient_explicit_birthday_evidence,赵翊民,GNZ48一期生,1997-08-18,1999-08-18,,existing_unreviewed_mismatch,,bilibili_readlist_449360_md/027_GNZ48大事年表（2016年—2018年，不完全统计）_cv20725695.md:1077 8月20日： / **TeamZ成员赵翊民退团（****2020年以IDOLS FT身份回归，之后再次退团****）。** / TeamG《双面偶像》曾艾佳生日公演。,bilibili_readlist_449366_md/038_SNH48 Group成立至今各成员生日一览（7月份-9月份，持续更新中）_cv14439157.md:135 [current;reference] 8月17日：**宋筱璐**（GNZ预备生→CⅡ）、胡琪涵（CGT预备生） / 8月18日：杜亚轩（J）、徐佳音（GNZ预备生→G→海外练习生→NⅢ）、赵翊民（Z→IDOLS FT）、章宇阳（K）、**朱瑞缘**（CKG→C→C兼任X）、**刘小涵**（SNH预备生→X）、李虞龙若（SNH预备生→HⅡ）**②** / 8月19日：段艺璇（XⅡ→B→SⅡ→**荣誉毕业生**）、**左婧媛**（NⅢ→GNZ预备生→NⅢ→GNZ预备生→NⅢ→SNH预备生→X→暂休→IDOLS FT）
insufficient_explicit_birthday_evidence,王菲妍,SHY48二期生,1999-01-27,2000-01-27,,existing_unreviewed_mismatch,bilibili_readlist_449360_md/188_SHY48 TeamHⅢ复刻公演《梦想的旗帜》《美丽世界》大事年表（不完全统计）_cv16376101.md:217 [current;reference] **1月27日：** / 王菲妍生日公演。 / **2月10日：** | bilibili_readlist_449360_md/031_SHY48大事年表（不完全统计）_cv19681855.md:775 [current;reference] 1月27日： / TeamHⅢ《美丽世界》王菲妍生日公演。 / 1月31日，,bilibili_readlist_449360_md/017_SNH48 TeamX大事年表（2015年—2018年，不完全统计）_cv21028505.md:1493 11月4日： / TeamX《命运的X号》孙歆文生日公演暨金曲大赏B50速报【**SHY48 TeamHⅢ成员高崇、刘静晗、王菲妍（均是代役）《命运的X号》公演首演**】。 / 11月11日： | bilibili_readlist_449360_md/117_SNH48 TeamX《命运的X号》公演大事年表（不完全统计）_cv15027013.md:173 孙歆文生日公演暨金曲大赏B50速报； / SHY48 TeamHⅢ成员高崇、刘静晗、王菲妍（三人均是代役）《命运的X号》公演首演。 / **11月17日：** | bilibili_readlist_449360_md/117_SNH48 TeamX《命运的X号》公演大事年表（不完全统计）_cv15027013.md:253 **3月23日：** / 王菲妍生日公演。 / **（从2019年3月29日开始，《命运的X号》公演和《Girl X》公演轮跳，以下只统计《命运的X号》部分）** | bilibili_readlist_449360_md/240_SNH48历年生日公演视频汇总（TeamX篇，持续更新中）_cv19374029.md:153 [20190316 SNH48 TeamX《命运的X号》李星羽生日公演（张琼予200场公演达成）](https://www.bilibili.com/video/BV11b411J79N/?share_source=copy_web&vd_source=f046264ddbe13426757c3bbec9cf75fe) / [20190323 SNH48 TeamX《命运的X号》王菲妍生日公演](https://www.bilibili.com/video/BV1Ub4117 | bilibili_readlist_449360_md/240_SNH48历年生日公演视频汇总（TeamX篇，持续更新中）_cv19374029.md:191 ## **2020年：** / [20200625 SNH48 TeamX《遗忘的国度》王菲妍生日公演](https://www.bilibili.com/video/BV1Bk4y1q7eP/?share_source=copy_web&vd_source=f046264ddbe13426757c3bbec9cf75fe) / [20200912 SNH48 TeamX《遗忘的国度》李钊生日公演](https://www.bilibili.com/video/BV1JV41,bilibili_readlist_449360_md/018_SNH48 TeamX大事年表（2019年—2021年，不完全统计）_cv21106928.md:63 [current;reference] **TeamX成员陈韫凌被下放IDOLS FT。** / **吕一（原TeamSⅡ兼任TeamX）、李星羽（原TeamFT）、刘静晗（原SHY48 TeamHⅢ）、王菲妍（原SHY48 TeamHⅢ）、冉蔚（原CKG48 TeamC）正式移籍TeamX。** / 1月27日： | bilibili_readlist_449366_md/036_SNH48 Group成立至今各成员生日一览（1月份-3月份，持续更新中）_cv14439154.md:75 [current;reference] 1月26日：郑丹妮（NⅢ→NⅢ兼HⅡ）、黄汝彤（GNZ预备生→NⅢ）、**李咏薇**（GNZ预备生→NⅢ） / 1月27日：陈问言（NⅡ）、王菲妍（现艺名祁乐，HⅢ→X）、张怡婷（SNH预备生→X）、**何绮多**（SNH预备生） / 1月28日：雨婷儿（本名丛昱婷，SNH不分队）、黄彤扬（NⅡ→SNH预备生）
insufficient_explicit_birthday_evidence,成珏,SNH48六期生,1997-01-03,1996-01-03,,existing_unreviewed_mismatch,,bilibili_readlist_449360_md/005_SNH48 TeamSⅡ大事年表（2013年—2018年，不完全统计）_cv21809505.md:1297 3月26日： / **11位SNH六期生亮相，其中成珏被分到TeamSⅡ。** / TeamSⅡ《十八个闪耀瞬间》蒋芸生日公演。 | bilibili_readlist_449360_md/005_SNH48 TeamSⅡ大事年表（2013年—2018年，不完全统计）_cv21809505.md:1835 TeamSⅡ成员（吴哲晗、袁雨桢、许佳琪）与TeamX成员（邵雪聪、杨冰怡、宋昕冉）、TeamHⅡ成员（孙珍妮、谢妮）参与客串的电视剧《周末父母》第1集在湖南卫视金鹰独播剧场首播。 / TeamSⅡ《心的旅程》成珏生日公演。 / 2月18日： | bilibili_readlist_449360_md/009_SNH48 TeamNⅡ大事年表（2013年—2018年，不完全统计）_cv21808419.md:1413 10月15日： / TeamNⅡ成员林思意与TeamSⅡ成员（孔肖吟、张语格、许佳琪、戴萌、吴哲晗、袁丹妮、袁雨桢、徐子轩、徐晨辰、成珏）、TeamXⅡ成员费沁源受邀参加第十一届金鹰节互联盛典活动。 / TeamNⅡ《专属派对》黄婷婷生日公演。 | bilibili_readlist_449360_md/092_SNH48 TeamSⅡ《心的旅程》公演大事年表（不完全统计）_cv15054724.md:177 **2月12日：** / 成珏生日公演。 / **2月18日：** | bilibili_readlist_449360_md/237_SNH48历年生日公演视频汇总（TeamSⅡ篇，持续更新中）_cv19338668.md:153 ## **2017年：** / [20170212 SNH48 TeamSⅡ《心的旅程》成珏生日公演](https://www.bilibili.com/video/BV13x41127ri/?share_source=copy_web&vd_source=f046264ddbe13426757c3bbec9cf75fe) / [20170218 SNH48 TeamSⅡ《心的旅程》邱欣怡生日公演](https://www.bilibili.com/video/BV1Ex41,bilibili_readlist_449366_md/036_SNH48 Group成立至今各成员生日一览（1月份-3月份，持续更新中）_cv14439154.md:27 [current;reference] 1月2日： / 1月3日：成珏（SⅡ→SNH预备生）、冯思佳（E→HⅡ） / 1月4日：**李家敏**（GNZ预备生）
insufficient_explicit_birthday_evidence,冯思佳,SNH48六期生,1999-01-03,1998-01-03,,existing_unreviewed_mismatch,,bilibili_readlist_449360_md/112_SNH48 TeamHⅡ《终极任务》（含B版）公演大事年表（不完全统计）_cv15017574.md:411 **12月2日：** / 冯思佳生日公演。 / **12月22日：** | bilibili_readlist_449360_md/378_SNH48 Group 2025年度获得今日之星（公演单场MVP）成员一览_cv41478208.md:261 6月1日（**李佳恩生日公演 & 作品展演**）：李佳恩。 / 6月14日（**千秋乐公演暨冯思佳、梁怀方作品展演**）：温若其。 / —————————— | bilibili_readlist_449360_md/015_SNH48 TeamHⅡ大事年表（2022年—2024年，不完全统计）_cv21319310.md:911 **TeamHⅡ成员袁一琦“CFBDSIR2149”个人巡演西安站演出。** / TeamHⅡ《终极任务B版》冯思佳生日公演。 / 12月9日： | bilibili_readlist_449360_md/015_SNH48 TeamHⅡ大事年表（2022年—2024年，不完全统计）_cv21319310.md:1447 9月7日： / SNH48 专场生日会第2场（TeamHⅡ参与成员：李佳恩、温若其、冯思佳、郭爽、郝婧怡、孙语姗）。 / 9月10日： | bilibili_readlist_449360_md/141_BEJ48 TeamE《奇幻加冕礼》公演大事年表（不完全统计）_cv15041379.md:37 **1月2日：** / 冯思佳生日公演。 / **1月7日：**,bilibili_readlist_449360_md/023_BEJ48（第一次分队时期）大事年表（不完全统计）_cv20640204.md:1361 [current;reference] TeamB成员段艺璇参与录制的综艺《碎乐斗阵班》第6期在碎乐APP（现菠萝APP）上线。 / SNH48 Group直播团综《48狼人杀》第2期节目播出（从本期开始至12月25日第10期，TeamE成员冯思佳是常驻场外解说成员）。 / 11月3日： | bilibili_readlist_449366_md/036_SNH48 Group成立至今各成员生日一览（1月份-3月份，持续更新中）_cv14439154.md:27 [current;reference] 1月2日： / 1月3日：成珏（SⅡ→SNH预备生）、冯思佳（E→HⅡ） / 1月4日：**李家敏**（GNZ预备生）
insufficient_explicit_birthday_evidence,黄彤扬,SNH48六期生,1998-01-28,1996-01-28,,existing_unreviewed_mismatch,,bilibili_readlist_449360_md/009_SNH48 TeamNⅡ大事年表（2013年—2018年，不完全统计）_cv21808419.md:1663 **TeamNⅡ成员【黄婷婷、易嘉爱（观众席观看并露脸）】参与录制的《吐槽大会第1季》第6期节目在腾讯视频播出。** / TeamNⅡ《专属派对》黄彤扬生日公演。 / 2月27日： | bilibili_readlist_449360_md/355_SNH48一期生至四期生公演达成场次一览（不完全统计）_cv40016525.md:313 100场（TeamNⅡ时期）：20150207 SNH48 TeamNⅡ《前所未有》公演。 / 200场（TeamNⅡ时期）：20170226 SNH48 TeamNⅡ《专属派对》黄彤扬生日公演。 / **（注：250场之后的达成场次资料暂缺）** | bilibili_readlist_449360_md/238_SNH48历年生日公演视频汇总（TeamNⅡ篇，持续更新中）_cv19357315.md:141 [20170225 SNH48 TeamNⅡ《专属派对》李艺彤生日公演](https://www.bilibili.com/video/BV1Sx411y7v4/?share_source=copy_web&vd_source=f046264ddbe13426757c3bbec9cf75fe) / [20170226 SNH48 TeamNⅡ《专属派对》黄彤扬生日公演](https://www.bilibili.com/video/BV1Tx41117t7/?share_so | bilibili_readlist_449360_md/099_SNH48 TeamNⅡ《专属派对》公演大事年表（不完全统计）_cv15054716.md:115 **2月26日：** / 黄彤扬生日公演。 / 李艺彤200场公演达成。,bilibili_readlist_449366_md/036_SNH48 Group成立至今各成员生日一览（1月份-3月份，持续更新中）_cv14439154.md:77 [current;reference] 1月27日：陈问言（NⅡ）、王菲妍（现艺名祁乐，HⅢ→X）、张怡婷（SNH预备生→X）、**何绮多**（SNH预备生） / 1月28日：雨婷儿（本名丛昱婷，SNH不分队）、黄彤扬（NⅡ→SNH预备生） / 1月29日：毕梦媛（E）
insufficient_explicit_birthday_evidence,钱艺,SNH48六期生,1998-06-07,1999-06-07,,existing_unreviewed_mismatch,,bilibili_readlist_449360_md/005_SNH48 TeamSⅡ大事年表（2013年—2018年，不完全统计）_cv21809505.md:1563 8月14日： / **SNH48官方发布公告：TeamSⅡ成员（刘力玮、申月姣）、TeamNⅡ成员（邓艳秋菲、钱艺）被运营到付（官方说法是以提前毕业形式退团）。** / TeamSⅡ《心的旅程》袁丹妮生日公演。,bilibili_readlist_449366_md/037_SNH48 Group成立至今各成员生日一览（4月份-6月份，持续更新中）_cv14439155.md:183 [current;reference] 6月6日：杨海赆（SNH未分队）、王依君（NⅡ）、王奕（HⅡ→HⅡ兼任FT→HⅡ）、赵梦婷（HⅡ，后被开除）、罗雪丽（E）、江雨航（现艺名赵晓莼，GNZ预备生→NⅢ→GNZ预备生→IDOLS FT）、孟清渝（B）、刘艾萌（CKG预备生） / 6月7日：易嘉爱（NⅡ）、李晶（X）、钱艺（NⅡ）、**禹佳蔚**（SNH预备生→X） / 6月8日：
insufficient_explicit_birthday_evidence,刘瀛,SNH48七期生,1998-02-08,1999-02-08,,existing_unreviewed_mismatch,,,bilibili_readlist_449366_md/036_SNH48 Group成立至今各成员生日一览（1月份-3月份，持续更新中）_cv14439154.md:103 [current;reference] 2月7日：张冉冉（SNH预备生）、**郭兆媛**（GNZ预备生→CⅡ） / 2月8日：戴萌（SNH不分队→SⅡ→**荣誉毕业生**）、江真仪（NⅡ）、刘瀛（NⅡ）、付美善（CKG→C）、**李婷**（SNH预备生→SⅡ） / 2月9日：康兆薇（CKG预备生→C）
insufficient_explicit_birthday_evidence,李星彦,SNH48十四期生,2000-03-29,2001-03-29,,existing_unreviewed_mismatch,,bilibili_readlist_449360_md/240_SNH48历年生日公演视频汇总（TeamX篇，持续更新中）_cv19374029.md:195 [20200912 SNH48 TeamX《遗忘的国度》李钊生日公演](https://www.bilibili.com/video/BV1JV411m7cX/?share_source=copy_web&vd_source=f046264ddbe13426757c3bbec9cf75fe) / [20201002 SNH48 TeamX《遗忘的国度》冉蔚生日公演（十四期生邓歆玥、李星彦、曲晨语、闫娜正式亮相并出道）](https://www.bilibili.com/vid | bilibili_readlist_449360_md/018_SNH48 TeamX大事年表（2019年—2021年，不完全统计）_cv21106928.md:655 10月2日： / TeamX《遗忘的国度》冉蔚生日公演（**SNH十四期生邓歆玥、李星彦、曲晨语、闫娜正式亮相并出道**）。 / ![](https://i0.hdslb.com/bfs/article/5caada641feda9b54cbf3321d69ecbde392751160.jpg) | bilibili_readlist_449360_md/119_SNH48 TeamX《遗忘的国度》公演大事年表（不完全统计）_cv15004512.md:129 冉蔚生日公演； / **SNH十四期生邓歆玥、李星彦、曲晨语、闫娜正式亮相并出道。** / ![](http://i0.hdslb.com/bfs/new_dyn/772be88617d2767e1d4fc6f02acf068e392751160.jpg),bilibili_readlist_449366_md/036_SNH48 Group成立至今各成员生日一览（1月份-3月份，持续更新中）_cv14439154.md:217 [current;reference] 3月28日：**马星月**（CKG→K）、张歆如（B） / 3月29日：李星彦（X）、刘宇晴（SHY预备生→IDOLS FT）、**朱语凝**（BEJ预备生→B） / 3月30日：徐子轩（SⅡ）、李泓瑶（J→IDOLS FT）、张咏琪（GNZ预备生→CGT预备生）
insufficient_explicit_birthday_evidence,高源婧,SNH48五期生,1999-07-06,1997-07-06,,existing_unreviewed_mismatch,,bilibili_readlist_449360_md/027_GNZ48大事年表（2016年—2018年，不完全统计）_cv20725695.md:197 **TeamG成员张凯祺和TeamNⅢ成员（陈慧婧、陈楠茜、陈欣妤、冯嘉希、洪静雯、刘力菲、刘倩倩、卢静、孙馨、唐莉佳、肖文铃、冼燊楠、熊心瑶、郑丹妮、左嘉欣、左婧媛）作为第一批助阵嘉宾出席2016年天翼智能终端交易博览会（为期2天）。** / TeamG《剧场女神》高源婧生日公演暨阳青颖总选拉票。 / 7月16日： | bilibili_readlist_449360_md/027_GNZ48大事年表（2016年—2018年，不完全统计）_cv20725695.md:947 **GNZ48成员【卢静、刘力菲、陈欣妤、左嘉欣、王翠菲（现名王芊诺）】受邀接受RTHK香港电台（普通话台）的采访。** / GNZ48成员高源婧和唐莉佳受邀出席在广州越秀区较场西路《天生快活人》流行前线户外直播室庆祝天生快活人户外直播室十八岁生日活动。 / 6月29日： | bilibili_readlist_449360_md/027_GNZ48大事年表（2016年—2018年，不完全统计）_cv20725695.md:987 TeamNⅢ《第1人称》公演暨卢静、孙馨总选拉票。 / TeamG《心的旅程》高源婧生日公演&总选拉票暨陈珂总选拉票。 / 7月9日： | bilibili_readlist_449360_md/027_GNZ48大事年表（2016年—2018年，不完全统计）_cv20725695.md:1805 TeamNⅢ《第1人称》公演暨陈楠茜、左婧媛总选拉票。 / TeamG《双面偶像》高源婧生日公演。 / 6月24日： | bilibili_readlist_449360_md/027_GNZ48大事年表（2016年—2018年，不完全统计）_cv20725695.md:2165 11月4日： / **GNZ48成员（郑丹妮、刘力菲、陈珂、肖文铃、卢静、刘倩倩、高源婧、张琼予）参与录制的“乡人乡味”文艺晚会在湖南卫视播出。** / TeamZ《三角函数》陈桂君生日公演。,bilibili_readlist_449366_md/038_SNH48 Group成立至今各成员生日一览（7月份-9月份，持续更新中）_cv14439157.md:33 [current;reference] 7月5日：俞慧文（SNH不分队）、郑诗琪（SⅢ→SⅢ兼任HⅢ→SⅢ）、王永祺（SHY预备生→IDOLS FT→CⅡ）、**郭晓盈**（BEJ→E→E兼任HⅡ）、**李继醇**（**原名李忆纯**，SNH预备生→NⅡ） / 7月6日：孙亚萍（X→SNH预备生）、高源婧（XⅡ→G）、卢晨昕（SNH预备生→NⅡ→SNH预备生） / 7月7日：张诗芸（SNH预备生→HⅡ）、**李想**（GNZ预备生）
insufficient_explicit_birthday_evidence,蒋羽熙,SNH48一期生,1996-02-18,2000-02-18,,existing_unreviewed_mismatch,,bilibili_readlist_449366_md/061_SNH48 Group小偶像出生地之最（不完全统计）_cv15181657.md:41 **全团小偶像出生地所在一级行政区解锁时间一览：** / **2012年：**北京（王费澌、雨婷儿）、山西（蒋羽熙）、辽宁（孔肖吟）、黑龙江（张语格）、上海（陈丽、戴萌、顾香君、钱蓓婷、汤敏）、江苏（何轶琛、徐晨辰、俞慧文）、浙江（吴哲晗、许佳琪）、安徽（丁紫妍）、湖北（张馨方）、湖南（陈思）、广东（陈观慧、赵嘉敏）、四川（胡美婷、曾誉嘉）、贵州（董芷依、莫寒）、陕西（李宇琪）、台湾（邱欣怡）。 / **2013年：**吉林（孟玥）、福建（董艳芸、杨雅茹）、江西（万丽娜）、重,bilibili_readlist_449366_md/036_SNH48 Group成立至今各成员生日一览（1月份-3月份，持续更新中）_cv14439154.md:123 [current;reference] 2月17日：王露皎（HⅡ→K）、程宇璐（BEJ预备生→E→BEJ）、叶锦童（SⅢ） / 2月18日：蒋羽熙（SNH不分队）、朱涵佳（SNH预备生→SⅡ）、刘宇婷（CKG）、**吴志越**（CKG→K）、**乔诗然**（BEJ预备生→E） / 2月19日：**马昕玥**（GNZ预备生→Z）、王偲越（Z→Z兼任CKG→Z）、**丁子钦**（E）、**曾雨思**（GNZ预备生→NⅢ）
insufficient_explicit_birthday_evidence,李芸熙,TSH48七期生,2006-05-30,2006-05-13,,existing_unreviewed_mismatch,,,bilibili_readlist_477948_md/002_AKB48 TeamSH（后改名TSH48）成立至今各成员生日一览（持续更新中）_cv15765867.md:95 [current] 5月26日：王俞然 / 5月30日：**李芸熙** / ## **6月：**
insufficient_explicit_birthday_evidence,易思桐,CGT48四期生,2008-01-19,2004-01-09,01.09,existing_unreviewed_mismatch; official_month_day_conflict,,,bilibili_readlist_449366_md/036_SNH48 Group成立至今各成员生日一览（1月份-3月份，持续更新中）_cv14439154.md:39 [reference;official] 1月8日：高予瑾（B） / 1月9日：王雨兰（HⅢ→E→BEJ）、**胡思颖**（CKG预备生→K）、李妍（SNH预备生→X）、易思桐（CGT预备生） / 1月10日：袁雨桢（SⅡ）、**陈嘉仪**（SNH预备生→HⅡ）
insufficient_explicit_birthday_evidence,雷相菊,CGT48一期生,2002-05-08,2003-10-01,10.01,existing_unreviewed_mismatch; official_month_day_conflict,,bilibili_readlist_449360_md/216_CGT48 TeamGⅡ复刻公演《Hakuna Matata》大事年表（不完全统计）_cv24110060.md:97 10月2日： / 狮子座&处女座&天秤座（何蔡娴、何渝欣、雷相菊）生日公演。 / 10月4日： | bilibili_readlist_449360_md/378_SNH48 Group 2025年度获得今日之星（公演单场MVP）成员一览_cv41478208.md:1627 12月20日（**李秋月、齐灵泉生日公演**）：李秋月。 / 12月21日（**雷相菊季度MVP环节**）：雷相菊。 / 12月27日：雷相菊。 | bilibili_readlist_449360_md/379_SNH48 Group 2026年度获得今日之星（公演单场MVP）成员一览_cv44354518.md:1337 1月17日（**首演第3场**）：王依。 / 1月24日：雷相菊。 / 1月31日（**何蔡娴、王艺霖生日公演**）：王艺霖。 | bilibili_readlist_449360_md/379_SNH48 Group 2026年度获得今日之星（公演单场MVP）成员一览_cv44354518.md:1347 3月28日（**程宝玉、袁艺洁生日公演**）：程宝玉。 / 4月4日（**雷相菊季度MVP环节**）：雷相菊。 / 4月11日：王艺霖。 | bilibili_readlist_449360_md/379_SNH48 Group 2026年度获得今日之星（公演单场MVP）成员一览_cv44354518.md:1355 5月1日（**《校园心事》主题公演**）：李秋月。 / 5月2日（**程妤涵、雷相菊生日公演**）：程妤涵。 / 5月4日：雷相菊。,bilibili_readlist_449360_md/378_SNH48 Group 2025年度获得今日之星（公演单场MVP）成员一览_cv41478208.md:1593 [reference;official] 9月6日：王艺霖。 / 9月14日：雷相菊。 / 10月1日：雷相菊。 | bilibili_readlist_449360_md/378_SNH48 Group 2025年度获得今日之星（公演单场MVP）成员一览_cv41478208.md:1595 [reference;official] 9月14日：雷相菊。 / 10月1日：雷相菊。 / 10月5日（**何蔡娴季度MVP环节**）：何蔡娴。 | bilibili_readlist_449360_md/220_CGT48 二周年《不可替代》系列拼盘公演大事年表（不完全统计）_cv41715077.md:375 [reference;official] CGT预备生王相懿（代役）《自定义轨迹》公演首演。 / 本场今日之星：雷相菊。 / 10月1日： | bilibili_readlist_449360_md/220_CGT48 二周年《不可替代》系列拼盘公演大事年表（不完全统计）_cv41715077.md:379 [reference;official] 10月1日： / 本场今日之星：雷相菊。 / 10月5日： | bilibili_readlist_449366_md/059_CGT48 TeamGⅡ以及预备生在团成员简单科普（持续更新中）_cv24110915.md:137 [reference_full;reference;official] ![](http://i0.hdslb.com/bfs/new_dyn/d905266eaaf4876f847354760476bbd6392751160.jpg) / 雷相菊（2003年10月1日生人） / 昵称：小雷；
insufficient_explicit_birthday_evidence,林恩同,GNZ48十一期生,2006-06-03,2006-06-03,06.30,official_conflict_after_confirmed,,bilibili_readlist_449360_md/250_GNZ48历年生日公演视频汇总（预备生篇）_cv19560818.md:69 [20220618 GNZ48预备生《独家》曾艾佳生日公演（4月份被降格为预备生，青春盛典结束后回归TeamG）](https://www.bilibili.com/video/BV1zg411Q74T/?share_source=copy_web&vd_source=f046264ddbe13426757c3bbec9cf75fe) / [20221004 GNZ48 TeamG《他们所不知道的TEAM G》巨蟹座&狮子座【曾艾佳（G）、符冰冰（G）、林恩同】生日公演](h | bilibili_readlist_449360_md/250_GNZ48历年生日公演视频汇总（预备生篇）_cv19560818.md:77 [20230319 GNZ48 原TeamNⅢ《他们所不知道的TeamNⅢ》射手座&巨蟹座【惠煜轩、刘倩倩（NⅢ兼任SⅡ）、陆靖婷（NⅢ）】生日公演](https://www.bilibili.com/video/BV1Fg4y1x7az/?share_source=copy_web&vd_source=f046264ddbe13426757c3bbec9cf75fe) / [20230929 GNZ48TeamG《启程：TeamG》白羊座&双鱼座&巨蟹座【林恩同（G）、李姗 | bilibili_readlist_449360_md/030_GNZ48大事年表（2025年—2026年，不完全统计）_cv40090276.md:923 10月26日： / SNH48 GROUP 第十一届金曲大赏 TOP3-7 答谢巡演上海站（张琼予、刘力菲、徐楚雯、叶舒淇、马昕玥、林恩同参加）。 / TeamNⅢ《没有我的世界（uN_v3rse）》黄汝彤生日公演。 | bilibili_readlist_449360_md/030_GNZ48大事年表（2025年—2026年，不完全统计）_cv40090276.md:1387 TeamNⅢ《没有我的世界（uN_v3rse）》王珺生日公演。 / TeamG《瑶光之迹》2.0 公演（**林恩同千秋乐。****至此，GNZ48十一期生全部离团**）。 / 4月9日： | bilibili_readlist_449360_md/174_GNZ48拼盘公演《他们所不知道的》系列大事年表（不完全统计）_cv16617127.md:67 10月4日： / 巨蟹座&狮子座（曾艾佳、符冰冰、林恩同）生日公演。 / 11月6日：,bilibili_readlist_449366_md/037_SNH48 Group成立至今各成员生日一览（4月份-6月份，持续更新中）_cv14439155.md:229 [official] 6月29日：陈雨孜（SⅡ）、陈亿杉（E）、马可悦（GNZ预备生→CⅡ）、**王紫媛**（GNZ预备生） / 6月30日：吴晶晶（K→IDOLS FT→CKG）、林恩同（GNZ预备生→G）、**陈珊玲**（GNZ预备生→Z）、朱怡霖（CKG预备生） / **特别说明：**
insufficient_explicit_birthday_evidence,徐钰清,CGT48二期生,2004-06-04,,07.23,official_month_day_conflict,,bilibili_readlist_449360_md/379_SNH48 Group 2026年度获得今日之星（公演单场MVP）成员一览_cv44354518.md:1211 1月1日（**睡衣Party主题公演**）：黄蔚 **⑰**。 / 1月2日（**何林燕、徐钰清生日公演**）：徐钰清。 / 1月18日：张羽多。 | bilibili_readlist_449360_md/254_CGT48历年生日公演视频汇总（持续更新中）_cv26638863.md:43 [20241004 CGT48 TeamCⅡ《ALL FOR CII》好友派对（许雅兰、周是汝）生日公演](https://www.bilibili.com/video/BV1YE4weXEk9) / [20241221 CGT48 TeamCⅡ《ALL FOR CII》好友派对（秦露丹、徐钰清）生日公演](https://www.bilibili.com/video/BV1mWkbYMExk) / ### **2025年：** | bilibili_readlist_449360_md/254_CGT48历年生日公演视频汇总（持续更新中）_cv26638863.md:65 ### **2026年：** / [20260102 CGT48 TeamCⅡ《未命名新途》好友派对（何林燕、徐钰清）生日公演](https://www.bilibili.com/video/BV1D5iFBzEbQ) / [20260124 CGT48 TeamCⅡ《幻镜》好友派对（邱刘佳、申雨鑫）生日公演](https://www.bilibili.com/video/BV1N6zSB2Ehe) | bilibili_readlist_449360_md/036_CGT48大事年表（2023年—2025年，不完全统计）_cv24106377.md:1247 TeamGⅡ《ALL FOR GⅡ》好友派对（程妤涵、齐灵泉）生日公演。 / TeamCⅡ《ALL FOR CⅡ》公演暨徐钰清《少女的奇幻舞台》表演环节。 / 12月8日： | bilibili_readlist_449360_md/036_CGT48大事年表（2023年—2025年，不完全统计）_cv24106377.md:1279 TeamGⅡ成员（程宝玉、程妤涵、何蔡娴、雷相菊、雷薪梦、林海盈、齐灵泉、谭勇航、王依、王艺霖、吴云、徐钰涵、袁艺洁）受邀参加在西南交通大学犀浦校区举办的运达杯闭幕式。 / TeamCⅡ《ALL FOR CⅡ》好友派对（秦露丹、徐钰清）生日公演。 / TeamGⅡ《ALL FOR GⅡ》公演暨王艺霖《少女的奇幻舞台》表演环节。,bilibili_readlist_449366_md/038_SNH48 Group成立至今各成员生日一览（7月份-9月份，持续更新中）_cv14439157.md:67 [official] 7月22日：赵嘉敏（SⅡ） / 7月23日：**陈琳**（X→X兼任FT→X）、舒湘（GNZ预备生）、张瑾（SNH未分队）、**叶凡**（SNH预备生→NⅡ）、**许涵婧**（GNZ预备生→NⅢ）、徐钰清（GNZ预备生→CGT预备生→CⅡ） / 7月24日：李思奥（BEJ）
insufficient_explicit_birthday_evidence,何渝欣,CGT48一期生,2003-09-01,,09.10,official_month_day_conflict,,bilibili_readlist_449360_md/216_CGT48 TeamGⅡ复刻公演《Hakuna Matata》大事年表（不完全统计）_cv24110060.md:97 10月2日： / 狮子座&处女座&天秤座（何蔡娴、何渝欣、雷相菊）生日公演。 / 10月4日： | bilibili_readlist_449360_md/254_CGT48历年生日公演视频汇总（持续更新中）_cv26638863.md:89 ### **2023年： ** / [20231002 CGT48 TeamGⅡ《HAKUNA MATATA》狮子座&处女座&天秤座（何蔡娴、何渝欣、雷相菊）生日公演](https://www.bilibili.com/video/BV1Pw411a7JR) / [20231209 CGT48 TeamGⅡ《HAKUNA MATATA》天秤座&射手座（齐灵泉、程妤涵）生日公演](https://www.bilibili.com/video/BV1si4y1v74m) | bilibili_readlist_449360_md/036_CGT48大事年表（2023年—2025年，不完全统计）_cv24106377.md:253 10月2日： / TeamGⅡ《Hakuna Matata》狮子座&处女座&天秤座（何蔡娴、何渝欣、雷相菊）生日公演。 / 10月3日：,bilibili_readlist_449366_md/038_SNH48 Group成立至今各成员生日一览（7月份-9月份，持续更新中）_cv14439157.md:193 [official] 9月9日：刘胜男（E→X）、熊素君（XⅡ→B→暂休→CKG）、李晴（HⅢ）、吴睿莎（BEJ→B） / 9月10日：申月姣（SⅡ）、**黄宣绮**（BEJ→BEJ兼X→BEJ兼G→B兼G）、黄怡慈（BEJ→BEJ兼X→B兼X→B兼任SⅡ）、何渝欣（GⅡ）、**袁希璨**（CKG预备生→K） / 9月11日：张帆（CKG）、**梅思华**（GNZ预备生→CGT预备生→CⅡ）
insufficient_explicit_birthday_evidence,黄孟浠,CKG48九期生,2004-01-03,,01.30,official_month_day_conflict,,bilibili_readlist_449360_md/253_CKG48（第二次分队时期）历年生日公演视频汇总（持续更新中）_cv26638770.md:67 [20260412 CKG48 TeamC《第1人称》郝茹馨生日公演](https://www.bilibili.com/video/BV1kgDdBDELm/) / [20260425 CKG48 TeamC《第1人称》水瓶座&金牛座（黄孟浠、姚锦杰）生日公演](https://www.bilibili.com/video/BV1PVoyBrEiV) / [20260426 CKG48 TeamC《Glory Days》王思予生日公演](https://www.bilibi | bilibili_readlist_449360_md/379_SNH48 Group 2026年度获得今日之星（公演单场MVP）成员一览_cv44354518.md:1043 4月18日（**上海巡演**）：朱瑞缘（兼任X）。 / 4月25日（**黄孟浠、姚锦杰生日公演**）：黄孟浠。 / 5月2日（**王嘉瑜生日公演**）：王嘉瑜。 | bilibili_readlist_449360_md/203_CKG48 新TeamC复刻公演《第1人称》大事年表（不完全统计，持续更新中）_cv44868685.md:77 4月25日： / 水瓶座 & 金牛座（黄孟浠、姚锦杰）生日公演。 / 本场今日之星：黄孟浠。 | bilibili_readlist_449360_md/203_CKG48 新TeamC复刻公演《第1人称》大事年表（不完全统计，持续更新中）_cv44868685.md:79 水瓶座 & 金牛座（黄孟浠、姚锦杰）生日公演。 / 本场今日之星：黄孟浠。 / 5月2日： | bilibili_readlist_449360_md/035_CKG48（第二次分队时期）大事年表（2025年—2026年，不完全统计）_cv40198455.md:1233 4月18日： / TeamC《第1人称》上海巡演【**黄孟浠、刘莹莹、CKG预备生郝冰圆（代役）、****CKG预备生何诗雨（代役）****上海星梦剧院首演**】。 / TeamK《我的太阳》金牛座 & 处女座（卢美廷、张伟依）生日公演。,bilibili_readlist_449366_md/036_SNH48 Group成立至今各成员生日一览（1月份-3月份，持续更新中）_cv14439154.md:81 [official] 1月29日：毕梦媛（E） / 1月30日：曾艳芬（NⅡ）、杨肖（HⅢ）、张沁芝（CGT预备生）、**黄孟浠**（CKG预备生→C） / 1月31日：单习文（J）、张韩紫陌（J）、张瑜纹（SNH未分队）、**王紫萱**（GNZ预备生）、国嘉睿（BEJ预备生，因不明原因未能正式出道） | bilibili_readlist_449366_md/057_CKG48 TeamC、TeamK以及预备生在团成员简单科普（持续更新中）_cv11818582.md:111 [official] ![](http://i0.hdslb.com/bfs/new_dyn/a591676f744b1609ecf92061ebba2a51392751160.jpg) / 黄孟浠 / 黄孟浠（2004年1月30日生人） | bilibili_readlist_449366_md/057_CKG48 TeamC、TeamK以及预备生在团成员简单科普（持续更新中）_cv11818582.md:113 [official] 黄孟浠 / 黄孟浠（2004年1月30日生人） / 昵称：cici；
insufficient_explicit_birthday_evidence,余茜果,CKG48九期生,2008-01-11,,01.01,official_month_day_conflict,,,bilibili_readlist_449366_md/036_SNH48 Group成立至今各成员生日一览（1月份-3月份，持续更新中）_cv14439154.md:43 [current] 1月10日：袁雨桢（SⅡ）、**陈嘉仪**（SNH预备生→HⅡ） / 1月11日：邱欣怡（SNH不分队→SⅡ→**荣誉毕业生**）、刘佩鑫（HⅡ→NⅡ→NⅡ兼任FT）、郑奕雯（GNZ预备生，后被开除）、吴欣怡（SNH预备生）、**余茜果**（CKG预备生） / 1月12日： | bilibili_readlist_449366_md/057_CKG48 TeamC、TeamK以及预备生在团成员简单科普（持续更新中）_cv11818582.md:815 [current_full;current] ![](https://i0.hdslb.com/bfs/new_dyn/72c05eec92d9ab70e65b43359fe986bc392751160.jpg) / 余茜果 / 余茜果（2008年1月11日生人） | bilibili_readlist_449366_md/057_CKG48 TeamC、TeamK以及预备生在团成员简单科普（持续更新中）_cv11818582.md:817 [current_full;current] 余茜果 / 余茜果（2008年1月11日生人） / 昵称：果果；
insufficient_explicit_birthday_evidence,黄艺暄,GNZ48十三期生,2006-11-10,,11.01,official_month_day_conflict,,bilibili_readlist_449360_md/174_GNZ48拼盘公演《他们所不知道的》系列大事年表（不完全统计）_cv16617127.md:195 天蝎座（卢静、冼燊楠、张润）生日公演。 / GNZ预备生黄艺暄（代役）《他们所不知道的TeamNⅢ》公演首演。 / ### **2023年：**,bilibili_readlist_449366_md/039_SNH48 Group成立至今各成员生日一览（10月份-12月份，持续更新中）_cv14452681.md:113 [current] 11月9日：吕思琴（NⅡ）、**田姝丽**（XⅡ→B→SⅡ）、冼燊楠（NⅢ）、孙毓园（GNZ预备生） / 11月10日：徐言雨（NⅡ）、黄艺暄（GNZ预备生→CⅡ） / 11月11日：
insufficient_explicit_birthday_evidence,李娜,BEJ48一期生,1996-05-01,,20078:09.22,same_name_official_period_mismatch,,bilibili_readlist_449360_md/141_BEJ48 TeamE《奇幻加冕礼》公演大事年表（不完全统计）_cv15041379.md:83 **5月28日：** / 大李娜（后改名李尚颐）生日公演。 / **5月29日：** | bilibili_readlist_449360_md/243_BEJ48（第一次分队时期）历年生日公演视频汇总（TeamE篇）_cv19424966.md:55 [20170520 BEJ48 TeamE《奇幻加冕礼》杨一帆生日公演（刘胜男100场公演达成）](https://www.bilibili.com/video/BV1zx411v7wk/?share_source=copy_web&vd_source=f046264ddbe13426757c3bbec9cf75fe) / [20170528 BEJ48 TeamE《奇幻加冕礼》大李娜（后改名为李尚颐）生日公演](https://www.bilibili.com/video/ | bilibili_readlist_449360_md/243_BEJ48（第一次分队时期）历年生日公演视频汇总（TeamE篇）_cv19424966.md:95 [20181006 BEJ48 TeamE《UNIVERSE》李梓生日公演](https://www.bilibili.com/video/BV1NW411m7XJ/?share_source=copy_web&vd_source=f046264ddbe13426757c3bbec9cf75fe) / [20181013 BEJ48 TeamE《UNIVERSE》小李娜生日公演](https://www.bilibili.com/video/BV1xb411F79V/?sha | bilibili_readlist_449360_md/243_BEJ48（第一次分队时期）历年生日公演视频汇总（TeamE篇）_cv19424966.md:129 [20191020 BEJ48 TeamE《羽化成蝶》张爱静生日公演](https://www.bilibili.com/video/BV1aE41167Rg/?share_source=copy_web&vd_source=f046264ddbe13426757c3bbec9cf75fe) / [20191026 BEJ48 TeamE《羽化成蝶》小李娜生日公演](https://www.bilibili.com/video/BV1SE411a7FA/?share_sour | bilibili_readlist_449360_md/143_BEJ48 TeamE《羽化成蝶》公演大事年表（不完全统计）_cv15041370.md:39 **10月26日：** / 小李娜生日公演。 / **11月8日：**,bilibili_readlist_449366_md/038_SNH48 Group成立至今各成员生日一览（7月份-9月份，持续更新中）_cv14439157.md:217 [official] 9月21日：徐佳丽（SⅡ→B） / 9月22日：小李娜（E→BEJ）、邓熳慧（GNZ预备生→NⅢ）、陈诗莹（GNZ预备生→IDOLS FT） / 9月23日： | bilibili_readlist_449366_md/037_SNH48 Group成立至今各成员生日一览（4月份-6月份，持续更新中）_cv14439155.md:93 [current] ## **5月份** / 5月1日：李尚颐（大李娜，E）、**夏莹**（GNZ预备生→CⅡ） / 5月2日：**宁轲**（B→SⅡ）**③**、**王嘉瑜**（HⅢ→E→CKG→IDOLS FT→C）
insufficient_explicit_birthday_evidence,林海盈,CGT48一期生,2001-01-15,,60022:01.16,same_name_official_period_mismatch,,bilibili_readlist_449360_md/216_CGT48 TeamGⅡ复刻公演《Hakuna Matata》大事年表（不完全统计）_cv24110060.md:145 3月30日： / 摩羯座（林海盈、徐钰涵、王依）生日公演。 / 4月5日： | bilibili_readlist_449360_md/378_SNH48 Group 2025年度获得今日之星（公演单场MVP）成员一览_cv41478208.md:1535 #### **《美丽世界》公演：** / 5月1日（**林海盈、谭勇航生日公演**）：程妤涵。 / 5月3日（**王依、袁艺洁生日公演**）：程妤涵。 | bilibili_readlist_449360_md/379_SNH48 Group 2026年度获得今日之星（公演单场MVP）成员一览_cv44354518.md:1311 1月1日（**睡衣Party主题公演**）：王艺霖。 / 1月2日（**林海盈、王依生日公演**）：王依。 / 1月3日：王艺霖。 | bilibili_readlist_449360_md/254_CGT48历年生日公演视频汇总（持续更新中）_cv26638863.md:97 [20240120 CGT48 TeamGⅡ《HAKUNA MATATA》任烨彦生日公演](https://www.bilibili.com/video/BV1f5411C7zF) / [20240330 CGT48 TeamGⅡ《HAKUNA MATATA》摩羯座（林海盈、徐钰涵、王依）生日公演](https://www.bilibili.com/video/BV1kK421a7Zy) / [20240413 CGT48 TeamGⅡ《HAKUNA MATATA》 水瓶座（ | bilibili_readlist_449360_md/254_CGT48历年生日公演视频汇总（持续更新中）_cv26638863.md:115 [20250419 CGT48 TeamGⅡ《美丽世界》好友派对（程宝玉、雷薪梦）生日公演](https://www.bilibili.com/video/BV1Uo5xzgE6h) / [20250501 CGT48 TeamGⅡ《美丽世界》好友派对（林海盈、谭勇航）生日公演](https://www.bilibili.com/video/BV1qrVgzGE1h) / [20250503 CGT48 TeamGⅡ《美丽世界》好友派对（王依、袁艺洁）生日公演](https:,bilibili_readlist_449366_md/036_SNH48 Group成立至今各成员生日一览（1月份-3月份，持续更新中）_cv14439154.md:53 [current;official] 1月15日：徐晗（HⅡ）、陈美君（XⅡ→B）、田密（CKG预备生→IDOLS FT） / 1月16日：王贝妮（SⅡ）、**林海盈**（GⅡ） / 1月17日：田倩兰（C→CKG） | bilibili_readlist_449366_md/059_CGT48 TeamGⅡ以及预备生在团成员简单科普（持续更新中）_cv24110915.md:163 [official] ![](https://i0.hdslb.com/bfs/new_dyn/79ce79bc58b1b0b1d0494cc72b4fe4a7392751160.jpg) / 林海盈 / 林海盈（2001年1月16日生人） | bilibili_readlist_449366_md/059_CGT48 TeamGⅡ以及预备生在团成员简单科普（持续更新中）_cv24110915.md:165 [official] 林海盈 / 林海盈（2001年1月16日生人） / 昵称：盈盈；
reviewed_no_update,陈佳莹,GNZ48二期生,2002-08-16,,10020:07.12,same_name_official_period_mismatch,bilibili_readlist_449360_md/097_SNH48 TeamNⅡ复刻公演《剧场女神》《逆流而上》大事年表（不完全统计）_cv16644626.md:185 [official] 7月12日（本场无视频）： / 陈佳莹生日公演。 / 7月13日（本场无视频）： | bilibili_readlist_449360_md/009_SNH48 TeamNⅡ大事年表（2013年—2018年，不完全统计）_cv21808419.md:311 [official] 7月12日： / TeamNⅡ《逆流而上》陈佳莹生日公演（本场无直播）。 / 7月13日： | bilibili_readlist_449360_md/009_SNH48 TeamNⅡ大事年表（2013年—2018年，不完全统计）_cv21808419.md:783 [official] 7月12日： / TeamNⅡ《我的太阳》陈佳莹生日公演&总选拉票。 / 7月16日： | bilibili_readlist_449360_md/098_SNH48 TeamNⅡ复刻公演《前所未有》《我的太阳》大事年表（不完全统计）_cv16625157.md:219 [official] 7月12日： / 陈佳莹生日公演&总选拉票。 / 7月16日：,bilibili_readlist_449360_md/358_SNH48七期生至十六期生公演达成场次一览（不完全统计）_cv39986862.md:153 20场（TeamXⅡ时期）：20170818 SNH48联合公演《我们向前冲》赵韩倩生日公演； / 100场（TeamNⅡ时期）：20181004 SNH48 TeamNⅡ《以爱之名》2.0 进化论 陈佳莹生日公演。 / **金莹玥：** | bilibili_readlist_449360_md/100_SNH48 TeamNⅡ《以爱之名》公演大事年表（不完全统计）_cv15041388.md:168 **10月4日：** / 陈佳莹生日公演。 / 陶波尔100场公演达成。 | bilibili_readlist_449360_md/027_GNZ48大事年表（2016年—2018年，不完全统计）_cv20725695.md:1973 9月9日： / TeamG成员（陈佳莹、黄楚茵、罗寒月、谢蕾蕾、曾艾佳、朱怡欣）受邀出席原生欧芙兰十周年盛典活动。 / GNZ48预备生《偶像研究计划》王梦媛生日公演。 | bilibili_readlist_449360_md/027_GNZ48大事年表（2016年—2018年，不完全统计）_cv20725695.md:2013 TeamNⅢ《Fiona.N》左嘉欣生日公演。 / TeamG《双面偶像》陈佳莹生日公演。 / 9月24日： | bilibili_readlist_449360_md/163_GNZ48 TeamG《Victoria.G》公演大事年表（不完全统计）_cv15019196.md:51 **9月28日：** / 陈佳莹生日公演。 / **10月4日：**,bilibili_readlist_449366_md/038_SNH48 Group成立至今各成员生日一览（7月份-9月份，持续更新中）_cv14439157.md:45 [official] 7月11日：宫小荷（SⅡ）、曾艾佳（XⅡ→G→GNZ预备生→G→G兼任X→G→**荣誉毕业生**）、**廖雨涵**（CKG预备生） / 7月12日：陈佳莹（NⅡ）、张文婷（SNH预备生）、**覃（qín）柯蒙（覃妤千）**（SNH预备生→HⅡ） / 7月13日：汪佳翎（X）、赵韩倩（SⅡ）、叶苗苗（J）、刘丽千（SⅡ）、王依柳（SNH预备生→X）、杨子涵（CGT预备生） | bilibili_readlist_449366_md/038_SNH48 Group成立至今各成员生日一览（7月份-9月份，持续更新中）_cv14439157.md:131 [current] 8月15日：董思佳（HⅢ）、**杨添淩**（CKG→K→暂休→IDOLS FT）、许恩乔（CGT预备生） / 8月16日：林嘉佩（XⅡ→G）、陈佳莹（G→GNZ预备生）、陈枳霏（E）、肖彦竹（SNH预备生→NⅡ）、程怡雯（CGT预备生） / 8月17日：**宋筱璐**（GNZ预备生→CⅡ）、胡琪涵（CGT预备生）
current_supported_by_wenji_text,王嘉瑜,SHY48三期生,2002-05-02,,50059:05.02,same_name_official_period_mismatch,bilibili_readlist_449360_md/379_SNH48 Group 2026年度获得今日之星（公演单场MVP）成员一览_cv44354518.md:1045 [current;official] 4月25日（**黄孟浠、姚锦杰生日公演**）：黄孟浠。 / 5月2日（**王嘉瑜生日公演**）：王嘉瑜。 / 5月10日：姚锦杰。 | bilibili_readlist_449360_md/203_CKG48 新TeamC复刻公演《第1人称》大事年表（不完全统计，持续更新中）_cv44868685.md:83 [current;official] 5月2日： / 王嘉瑜生日公演。 / 本场今日之星：王嘉瑜。 | bilibili_readlist_449360_md/035_CKG48（第二次分队时期）大事年表（2025年—2026年，不完全统计）_cv40198455.md:1263 [current;official] 5月2日： / TeamC《第1人称》王嘉瑜生日公演。 / CKG48《Fearless》首演第1场暨热血主题公演（**注：下图名单中陈韵佳已在4月末退团，****杨添淩因身体原因缺席**）。,bilibili_readlist_449366/02_cv11618125_SNH48 Group在团四大直辖市成员（持续更新中）.md:121 **特别说明：** / **①在SHY48官博中关于三期生的出道介绍时王嘉瑜的出生地显示的是四川（如下图），后来的官方资料显示出生地是重庆，故此处以之后的官方资料为准。  ** / ![](https://i0.hdslb.com/bfs/article/901e3bec5f23f7b107da45b654c51197392751160.jpg) | bilibili_readlist_449360_md/198_CKG48复刻公演《剧场女神》大事年表（不完全统计）_cv16499112.md:41 **12月19日：** / 王嘉瑜生日公演。 / ## **2021年：** | bilibili_readlist_449360_md/253_CKG48（第二次分队时期）历年生日公演视频汇总（持续更新中）_cv26638770.md:53 [20250502 CKG48 TeamC《重生计划》王思予生日公演](https://www.bilibili.com/video/BV1YFVLz1EEG) / [20250531 CKG48 TeamC《重生计划》金牛座（王嘉瑜、姚锦杰）生日公演](https://www.bilibili.com/video/BV1Qt73zyEE2) / [20250621 CKG48 TeamC《重生计划》林丹蕾生日公演](https://www.bilibili.com/vide | bilibili_readlist_449360_md/253_CKG48（第二次分队时期）历年生日公演视频汇总（持续更新中）_cv26638770.md:71 [20260426 CKG48 TeamC《Glory Days》王思予生日公演](https://www.bilibili.com/video/BV1w296BQEWe) / [20260502 CKG48 TeamC《第1人称》王嘉瑜生日公演](https://www.bilibili.com/video/BV1KM9ZBrE5C) / [20260523 CKG48 TeamC《第1人称》双子座（刘莹莹、徐沁楠）生日公演](https://www.bilibili.co | bilibili_readlist_449360_md/378_SNH48 Group 2025年度获得今日之星（公演单场MVP）成员一览_cv41478208.md:1181 5月24日（**朱瑞缘季度MVP环节**）：朱瑞缘。 / 5月31日（**王嘉瑜、姚锦杰生日公演**）：王嘉瑜。 / 6月15日（**上海巡演**）：朱瑞缘。,bilibili_readlist_449366_md/037_SNH48 Group成立至今各成员生日一览（4月份-6月份，持续更新中）_cv14439155.md:95 [current;official] 5月1日：李尚颐（大李娜，E）、**夏莹**（GNZ预备生→CⅡ） / 5月2日：**宁轲**（B→SⅡ）**③**、**王嘉瑜**（HⅢ→E→CKG→IDOLS FT→C） / 5月3日： | bilibili_readlist_449366_md/057_CKG48 TeamC、TeamK以及预备生在团成员简单科普（持续更新中）_cv11818582.md:285 [current_full;current;official] ![](https://i0.hdslb.com/bfs/new_dyn/9af64c31a046d7828c3fbb2220193b78392751160.jpg) / 王嘉瑜 / 王嘉瑜（2002年5月2日生人） | bilibili_readlist_449366_md/057_CKG48 TeamC、TeamK以及预备生在团成员简单科普（持续更新中）_cv11818582.md:287 [current_full;current;official] 王嘉瑜 / 王嘉瑜（2002年5月2日生人） / 昵称：小鱼、瑜小瑜；
insufficient_explicit_birthday_evidence,孟玥,SNH48二期生,1994-06-13,,70037:03.11,same_name_official_period_mismatch,bilibili_readlist_449360_md/097_SNH48 TeamNⅡ复刻公演《剧场女神》《逆流而上》大事年表（不完全统计）_cv16644626.md:157 [current] 6月13日（本场无视频）： / 孟玥生日公演。 / 6月14日（本场无视频）： | bilibili_readlist_449360_md/009_SNH48 TeamNⅡ大事年表（2013年—2018年，不完全统计）_cv21808419.md:263 [current] 6月13日： / TeamNⅡ《逆流而上》孟玥生日公演（本场无直播）。 / 6月14日： | bilibili_readlist_449360_md/009_SNH48 TeamNⅡ大事年表（2013年—2018年，不完全统计）_cv21808419.md:741 [current] **SNH48第二届偶像年度人气总决选成员拉票特别企划节目《心的舞台》上线【共6期，其中TeamNⅡ成员易嘉爱（第1期）、林思意（第2期和第3期）参与录制】。** / TeamNⅡ《我的太阳》孟玥生日公演&总选拉票。 / 6月13日： | bilibili_readlist_449360_md/098_SNH48 TeamNⅡ复刻公演《前所未有》《我的太阳》大事年表（不完全统计）_cv16625157.md:193 [current] 6月12日： / 孟玥生日公演&总选拉票。 / 6月13日：,bilibili_readlist_449360_md/032_CKG48（第一次分队时期）大事年表（不完全统计）_cv19846719.md:363 **TeamC成员柏欣妤、TeamK成员李瑜璇参与拍摄的SNH48 GROUP夏日主题EP《森林法则》双主打曲《秘密花园》MV正式发布（10日优酷上线，11日全网上线）。** / TeamC成员【李恩锐、李姗姗、孟玥、毛译晗、谯玉珍、冉蔚、田倩兰、陶菀瑞、伍寒琪、王梦竹、王娱博、徐楚雯、徐慧玲、熊心瑶（NⅢ兼任C）、曾佳、左欣】现身重庆玛雅海滩水公园开园仪式并带来精彩表演。 / TeamK《奇幻加冕礼》邓倩（现名：刘弋菡）生日公演。 | bilibili_readlist_449360_md/238_SNH48历年生日公演视频汇总（TeamNⅡ篇，持续更新中）_cv19357315.md:39 20140607 SNH48 TeamNⅡ《逆流而上》易嘉爱生日公演**（本场无直播）** / 20140613 SNH48 TeamNⅡ《逆流而上》孟玥生日公演**（本场无直播）** / 20140615 SNH48 TeamNⅡ《逆流而上》鞠婧祎生日公演**（本场无直播）** | bilibili_readlist_449360_md/238_SNH48历年生日公演视频汇总（TeamNⅡ篇，持续更新中）_cv19357315.md:83 [20150530 SNH48 TeamNⅡ《我的太阳》易嘉爱生日公演&总选拉票（本场也是张雨鑫的总选拉票公演）](https://www.bilibili.com/video/BV1us411S7xe/?p=7&share_source=copy_web&vd_source=f046264ddbe13426757c3bbec9cf75fe) / [20150612 SNH48 TeamNⅡ《我的太阳》孟玥生日公演&总选拉票](https://www.bilibili.com,bilibili_readlist_449366_md/036_SNH48 Group成立至今各成员生日一览（1月份-3月份，持续更新中）_cv14439154.md:181 [official] 3月10日：王佳路（NⅡ） / 3月11日：孟玥（C→CKG）、**朱玥彤**（BEJ预备生→E） / 3月12日：**徐佳琳**（SNH预备生→NⅡ） | bilibili_readlist_449366_md/037_SNH48 Group成立至今各成员生日一览（4月份-6月份，持续更新中）_cv14439155.md:195 [current] 6月12日：陈楠茜（NⅢ→**荣誉毕业生**）、**方琪**（CKG预备生→K→Z→G） / 6月13日：孟玥（NⅡ）、周怡（NⅡ）、唐晨葳（BEJ）、**孙嘉馥**（E） / 6月14日：宋雨珊（XⅡ→HⅡ）、陈真允一（SNH预备生→HⅡ）、**金泓言**（SNH预备生→X）、**白佳媛**（GNZ预备生→NⅢ）
reviewed_no_update,陈嘉仪,TPE48五期生,2004-12-25,,10344:01.10,same_name_official_period_mismatch,bilibili_readlist_449366_md/049_SNH48 TeamHⅡ在团成员简单科普（持续更新中）_cv11798458.md:27 [official] 陈嘉仪 / 陈嘉仪（2005年1月10日生人） / 出生地：广东深圳（成长于重庆），本部二十三期生；,bilibili_readlist_449360_md/379_SNH48 Group 2026年度获得今日之星（公演单场MVP）成员一览_cv44354518.md:257 5月30日（**陈俞希生日公演 & 作品展演**）：陈俞希。 / 6月4日【**陈嘉仪、覃（qín）柯蒙、刘思雨作品展演**】：陈嘉仪。 / 6月6日（**李佳恩生日公演 & 作品展演**）：李佳恩（兼任X）。,bilibili_readlist_449360_md/379_SNH48 Group 2026年度获得今日之星（公演单场MVP）成员一览_cv44354518.md:215 [official] 1月2日：李佳恩（兼任X）。 / 1月10日：陈嘉仪（预备生，代役TeamHⅡ）。 / 1月16日（**《声动星河》“星声初绽”淘汰赛环节**）：温若其。 | bilibili_readlist_449366_md/036_SNH48 Group成立至今各成员生日一览（1月份-3月份，持续更新中）_cv14439154.md:41 [official] 1月9日：王雨兰（HⅢ→E→BEJ）、**胡思颖**（CKG预备生→K）、李妍（SNH预备生→X）、易思桐（CGT预备生） / 1月10日：袁雨桢（SⅡ）、**陈嘉仪**（SNH预备生→HⅡ） / 1月11日：邱欣怡（SNH不分队→SⅡ→**荣誉毕业生**）、刘佩鑫（HⅡ→NⅡ→NⅡ兼任FT）、郑奕雯（GNZ预备生，后被开除）、吴欣怡（SNH预备生）、**余茜果**（CKG预备生） | bilibili_readlist_449366_md/049_SNH48 TeamHⅡ在团成员简单科普（持续更新中）_cv11798458.md:25 [official] ![](http://i0.hdslb.com/bfs/new_dyn/1a630556314eba7a53168ca13f14ef4a392751160.jpg) / 陈嘉仪 / 陈嘉仪（2005年1月10日生人） | bilibili_readlist_477948_md/009_AKB48 TeamTP（后改名TPE48）成立至今各成员生日一览（持续更新中）_cv15766922.md:191 [current] 12月24日：邱品涵 / 12月25日：**陈嘉仪** / 12月26日：**苏姮羽**
reviewed_no_update,陈琳,TPE48一期生,2006-01-03,,10081:07.23,same_name_official_period_mismatch,bilibili_readlist_449366_md/050_SNH48 TeamX在团成员简单科普（持续更新中）_cv11779598.md:25 [official] 陈琳 / 陈琳（1998年7月23日生人） / 出生地：上海，本部四期生；,bilibili_readlist_449360_md/017_SNH48 TeamX大事年表（2015年—2018年，不完全统计）_cv21028505.md:133 7月17日： / TeamX《最后的钟声响起》陈琳生日公演。 / 7月18日： | bilibili_readlist_449360_md/017_SNH48 TeamX大事年表（2015年—2018年，不完全统计）_cv21028505.md:499 6月19日： / **SNH48成员（其中TeamX成员陈琳和张丹三参与）录制的歌舞竞技综艺《盖世音雄》在江苏卫视首播。** / TeamX《十八个闪耀瞬间》公演首演第3场暨王晓佳生日公演&总选拉票。 | bilibili_readlist_449360_md/017_SNH48 TeamX大事年表（2015年—2018年，不完全统计）_cv21028505.md:575 8月27日： / TeamX《十八个闪耀瞬间》陈琳生日公演。 / 8月28日： | bilibili_readlist_449360_md/017_SNH48 TeamX大事年表（2015年—2018年，不完全统计）_cv21028505.md:961 8月13日： / TeamX《梦想的旗帜》陈琳生日公演。 / 8月28日： | bilibili_readlist_449360_md/017_SNH48 TeamX大事年表（2015年—2018年，不完全统计）_cv21028505.md:1433 9月23日： / TeamX《命运的X号》陈琳生日公演。 / ### **10月份**,bilibili_readlist_449360_md/018_SNH48 TeamX大事年表（2019年—2021年，不完全统计）_cv21106928.md:583 [official] 7月23日： / SNH48《ON STAGE》我行我秀··塞纳河之光初心舞台舞蹈大赛绽放组决赛【**正式开始前是成员总选拉票环节（含谢天依和陈琳的总选拉票部分），本场陈琳、谢天依、潘瑛琪参赛，潘璐瑶是本场主持人**】。 / 7月25日： | bilibili_readlist_449360_md/019_SNH48 TeamX大事年表（2022年—2024年，不完全统计）_cv21110562.md:591 [official] 7月23日： / **SNH48 Group年度青春盛典第二阶段入围作品展演第2场（包含杨冰怡、王睿琦、陈琳的作品展演）。 ** / **SNH48 TeamX《艾克斯的神迹》周年庆公演。** | bilibili_readlist_449360_md/224_SNH48 Group全团联合公演一览（SNH48篇，不完全统计，持续更新中）_cv16831581.md:365 [official] **7月23日：** / [SNH48《ON STAGE》我行我秀·塞纳河之光初心舞台舞蹈大赛绽放组决赛（温晶婕+谢天依+陈琳总选拉票）。](https://www.bilibili.com/video/BV1Q5411h7nz/?share_source=copy_web&vd_source=f046264ddbe13426757c3bbec9cf75fe) / **8月7日：** | bilibili_readlist_449366_md/038_SNH48 Group成立至今各成员生日一览（7月份-9月份，持续更新中）_cv14439157.md:67 [official] 7月22日：赵嘉敏（SⅡ） / 7月23日：**陈琳**（X→X兼任FT→X）、舒湘（GNZ预备生）、张瑾（SNH未分队）、**叶凡**（SNH预备生→NⅡ）、**许涵婧**（GNZ预备生→NⅢ）、徐钰清（GNZ预备生→CGT预备生→CⅡ） / 7月24日：李思奥（BEJ） | bilibili_readlist_449366_md/050_SNH48 TeamX在团成员简单科普（持续更新中）_cv11779598.md:23 [official] ![](https://i0.hdslb.com/bfs/new_dyn/17ae3a3c0344683cb8c429eab5c7fabc392751160.jpg) / 陈琳 / 陈琳（1998年7月23日生人）
